[2026-05-05 19:30:42] production.ERROR: The Y:\Connection Platform\backend\bootstrap\cache directory must be present and writable. {"exception":"[object] (Exception(code: 0): The Y:\\Connection Platform\\backend\\bootstrap\\cache directory must be present and writable. at Y:/Connection Platform/backend/vendor/laravel/framework/src/Illuminate/Foundation/PackageManifest.php:179)
[stacktrace]
#0 Y:/Connection Platform/backend/vendor/laravel/framework/src/Illuminate/Foundation/PackageManifest.php(132): Illuminate/Foundation/PackageManifest->write()
#1 Y:/Connection Platform/backend/vendor/laravel/framework/src/Illuminate/Foundation/PackageManifest.php(108): Illuminate/Foundation/PackageManifest->build()
#2 Y:/Connection Platform/backend/vendor/laravel/framework/src/Illuminate/Foundation/PackageManifest.php(91): Illuminate/Foundation/PackageManifest->getManifest()
#3 Y:/Connection Platform/backend/vendor/laravel/framework/src/Illuminate/Foundation/PackageManifest.php(80): Illuminate/Foundation/PackageManifest->config()
#4 Y:/Connection Platform/backend/vendor/laravel/framework/src/Illuminate/Foundation/Bootstrap/RegisterFacades.php(26): Illuminate/Foundation/PackageManifest->aliases()
#5 Y:/Connection Platform/backend/vendor/laravel/framework/src/Illuminate/Foundation/Application.php(342): Illuminate/Foundation/Bootstrap/RegisterFacades->bootstrap()
#6 Y:/Connection Platform/backend/vendor/laravel/framework/src/Illuminate/Foundation/Console/Kernel.php(474): Illuminate/Foundation/Application->bootstrapWith()
#7 Y:/Connection Platform/backend/vendor/laravel/framework/src/Illuminate/Foundation/Console/Kernel.php(196): Illuminate/Foundation/Console/Kernel->bootstrap()
#8 Y:/Connection Platform/backend/artisan(33): Illuminate/Foundation/Console/Kernel->handle()
#9 {main}
"} 
[2026-05-05 19:31:21] production.ERROR: file_get_contents(Y:\Connection Platform\backend\.env): Failed to open stream: No such file or directory {"exception":"[object] (ErrorException(code: 0): file_get_contents(Y:\\Connection Platform\\backend\\.env): Failed to open stream: No such file or directory at Y:/Connection Platform/backend/vendor/laravel/framework/src/Illuminate/Foundation/Console/KeyGenerateCommand.php:100)
[stacktrace]
#0 Y:/Connection Platform/backend/vendor/laravel/framework/src/Illuminate/Foundation/Bootstrap/HandleExceptions.php(258): Illuminate/Foundation/Bootstrap/HandleExceptions->handleError()
#1 [internal function]: Illuminate/Foundation/Bootstrap/HandleExceptions->{closure:Illuminate/Foundation/Bootstrap/HandleExceptions::forwardsTo():257}()
#2 Y:/Connection Platform/backend/vendor/laravel/framework/src/Illuminate/Foundation/Console/KeyGenerateCommand.php(100): file_get_contents()
#3 Y:/Connection Platform/backend/vendor/laravel/framework/src/Illuminate/Foundation/Console/KeyGenerateCommand.php(82): Illuminate/Foundation/Console/KeyGenerateCommand->writeNewEnvironmentFileWith()
#4 Y:/Connection Platform/backend/vendor/laravel/framework/src/Illuminate/Foundation/Console/KeyGenerateCommand.php(47): Illuminate/Foundation/Console/KeyGenerateCommand->setKeyInEnvironmentFile()
#5 Y:/Connection Platform/backend/vendor/laravel/framework/src/Illuminate/Container/BoundMethod.php(36): Illuminate/Foundation/Console/KeyGenerateCommand->handle()
#6 Y:/Connection Platform/backend/vendor/laravel/framework/src/Illuminate/Container/Util.php(43): Illuminate/Container/BoundMethod::{closure:Illuminate/Container/BoundMethod::call():35}()
#7 Y:/Connection Platform/backend/vendor/laravel/framework/src/Illuminate/Container/BoundMethod.php(95): Illuminate/Container/Util::unwrapIfClosure()
#8 Y:/Connection Platform/backend/vendor/laravel/framework/src/Illuminate/Container/BoundMethod.php(35): Illuminate/Container/BoundMethod::callBoundMethod()
#9 Y:/Connection Platform/backend/vendor/laravel/framework/src/Illuminate/Container/Container.php(696): Illuminate/Container/BoundMethod::call()
#10 Y:/Connection Platform/backend/vendor/laravel/framework/src/Illuminate/Console/Command.php(213): Illuminate/Container/Container->call()
#11 Y:/Connection Platform/backend/vendor/symfony/console/Command/Command.php(341): Illuminate/Console/Command->execute()
#12 Y:/Connection Platform/backend/vendor/laravel/framework/src/Illuminate/Console/Command.php(182): Symfony/Component/Console/Command/Command->run()
#13 Y:/Connection Platform/backend/vendor/symfony/console/Application.php(1117): Illuminate/Console/Command->run()
#14 Y:/Connection Platform/backend/vendor/symfony/console/Application.php(356): Symfony/Component/Console/Application->doRunCommand()
#15 Y:/Connection Platform/backend/vendor/symfony/console/Application.php(195): Symfony/Component/Console/Application->doRun()
#16 Y:/Connection Platform/backend/vendor/laravel/framework/src/Illuminate/Foundation/Console/Kernel.php(198): Symfony/Component/Console/Application->run()
#17 Y:/Connection Platform/backend/artisan(33): Illuminate/Foundation/Console/Kernel->handle()
#18 {main}
"} 
[2026-05-05 19:32:14] local.ERROR: SQLSTATE[HY000] [1045] Access denied for user 'root'@'localhost' (using password: NO) (Connection: mysql, SQL: select exists (select 1 from information_schema.tables where table_schema = 'connextion' and table_name = 'migrations' and table_type in ('BASE TABLE', 'SYSTEM VERSIONED')) as `exists`) {"exception":"[object] (Illuminate\\Database\\QueryException(code: 1045): SQLSTATE[HY000] [1045] Access denied for user 'root'@'localhost' (using password: NO) (Connection: mysql, SQL: select exists (select 1 from information_schema.tables where table_schema = 'connextion' and table_name = 'migrations' and table_type in ('BASE TABLE', 'SYSTEM VERSIONED')) as `exists`) at Y:/Connection Platform/backend/vendor/laravel/framework/src/Illuminate/Database/Connection.php:825)
[stacktrace]
#0 Y:/Connection Platform/backend/vendor/laravel/framework/src/Illuminate/Database/Connection.php(779): Illuminate/Database/Connection->runQueryCallback()
#1 Y:/Connection Platform/backend/vendor/laravel/framework/src/Illuminate/Database/Connection.php(398): Illuminate/Database/Connection->run()
#2 Y:/Connection Platform/backend/vendor/laravel/framework/src/Illuminate/Database/Connection.php(344): Illuminate/Database/Connection->select()
#3 Y:/Connection Platform/backend/vendor/laravel/framework/src/Illuminate/Database/Connection.php(361): Illuminate/Database/Connection->selectOne()
#4 Y:/Connection Platform/backend/vendor/laravel/framework/src/Illuminate/Database/Schema/MySqlBuilder.php(45): Illuminate/Database/Connection->scalar()
#5 Y:/Connection Platform/backend/vendor/laravel/framework/src/Illuminate/Database/Migrations/DatabaseMigrationRepository.php(184): Illuminate/Database/Schema/MySqlBuilder->hasTable()
#6 Y:/Connection Platform/backend/vendor/laravel/framework/src/Illuminate/Database/Migrations/Migrator.php(742): Illuminate/Database/Migrations/DatabaseMigrationRepository->repositoryExists()
#7 Y:/Connection Platform/backend/vendor/laravel/framework/src/Illuminate/Database/Console/Migrations/MigrateCommand.php(165): Illuminate/Database/Migrations/Migrator->repositoryExists()
#8 Y:/Connection Platform/backend/vendor/laravel/framework/src/Illuminate/Support/helpers.php(338): Illuminate/Database/Console/Migrations/MigrateCommand->{closure:Illuminate/Database/Console/Migrations/MigrateCommand::repositoryExists():165}()
#9 Y:/Connection Platform/backend/vendor/laravel/framework/src/Illuminate/Database/Console/Migrations/MigrateCommand.php(165): retry()
#10 Y:/Connection Platform/backend/vendor/laravel/framework/src/Illuminate/Database/Console/Migrations/MigrateCommand.php(141): Illuminate/Database/Console/Migrations/MigrateCommand->repositoryExists()
#11 Y:/Connection Platform/backend/vendor/laravel/framework/src/Illuminate/Database/Console/Migrations/MigrateCommand.php(111): Illuminate/Database/Console/Migrations/MigrateCommand->prepareDatabase()
#12 Y:/Connection Platform/backend/vendor/laravel/framework/src/Illuminate/Database/Migrations/Migrator.php(658): Illuminate/Database/Console/Migrations/MigrateCommand->{closure:Illuminate/Database/Console/Migrations/MigrateCommand::runMigrations():110}()
#13 Y:/Connection Platform/backend/vendor/laravel/framework/src/Illuminate/Database/Console/Migrations/MigrateCommand.php(110): Illuminate/Database/Migrations/Migrator->usingConnection()
#14 Y:/Connection Platform/backend/vendor/laravel/framework/src/Illuminate/Database/Console/Migrations/MigrateCommand.php(89): Illuminate/Database/Console/Migrations/MigrateCommand->runMigrations()
#15 Y:/Connection Platform/backend/vendor/laravel/framework/src/Illuminate/Container/BoundMethod.php(36): Illuminate/Database/Console/Migrations/MigrateCommand->handle()
#16 Y:/Connection Platform/backend/vendor/laravel/framework/src/Illuminate/Container/Util.php(43): Illuminate/Container/BoundMethod::{closure:Illuminate/Container/BoundMethod::call():35}()
#17 Y:/Connection Platform/backend/vendor/laravel/framework/src/Illuminate/Container/BoundMethod.php(95): Illuminate/Container/Util::unwrapIfClosure()
#18 Y:/Connection Platform/backend/vendor/laravel/framework/src/Illuminate/Container/BoundMethod.php(35): Illuminate/Container/BoundMethod::callBoundMethod()
#19 Y:/Connection Platform/backend/vendor/laravel/framework/src/Illuminate/Container/Container.php(696): Illuminate/Container/BoundMethod::call()
#20 Y:/Connection Platform/backend/vendor/laravel/framework/src/Illuminate/Console/Command.php(213): Illuminate/Container/Container->call()
#21 Y:/Connection Platform/backend/vendor/symfony/console/Command/Command.php(341): Illuminate/Console/Command->execute()
#22 Y:/Connection Platform/backend/vendor/laravel/framework/src/Illuminate/Console/Command.php(182): Symfony/Component/Console/Command/Command->run()
#23 Y:/Connection Platform/backend/vendor/symfony/console/Application.php(1117): Illuminate/Console/Command->run()
#24 Y:/Connection Platform/backend/vendor/symfony/console/Application.php(356): Symfony/Component/Console/Application->doRunCommand()
#25 Y:/Connection Platform/backend/vendor/symfony/console/Application.php(195): Symfony/Component/Console/Application->doRun()
#26 Y:/Connection Platform/backend/vendor/laravel/framework/src/Illuminate/Foundation/Console/Kernel.php(198): Symfony/Component/Console/Application->run()
#27 Y:/Connection Platform/backend/artisan(33): Illuminate/Foundation/Console/Kernel->handle()
#28 {main}

[previous exception] [object] (PDOException(code: 1045): SQLSTATE[HY000] [1045] Access denied for user 'root'@'localhost' (using password: NO) at Y:/Connection Platform/backend/vendor/laravel/framework/src/Illuminate/Database/Connectors/Connector.php:67)
[stacktrace]
#0 Y:/Connection Platform/backend/vendor/laravel/framework/src/Illuminate/Database/Connectors/Connector.php(67): PDO::connect()
#1 Y:/Connection Platform/backend/vendor/laravel/framework/src/Illuminate/Database/Connectors/Connector.php(44): Illuminate/Database/Connectors/Connector->createPdoConnection()
#2 Y:/Connection Platform/backend/vendor/laravel/framework/src/Illuminate/Database/Connectors/MySqlConnector.php(24): Illuminate/Database/Connectors/Connector->createConnection()
#3 Y:/Connection Platform/backend/vendor/laravel/framework/src/Illuminate/Database/Connectors/ConnectionFactory.php(185): Illuminate/Database/Connectors/MySqlConnector->connect()
#4 [internal function]: Illuminate/Database/Connectors/ConnectionFactory->{closure:Illuminate/Database/Connectors/ConnectionFactory::createPdoResolverWithHosts():180}()
#5 Y:/Connection Platform/backend/vendor/laravel/framework/src/Illuminate/Database/Connection.php(1231): call_user_func()
#6 Y:/Connection Platform/backend/vendor/laravel/framework/src/Illuminate/Database/Connection.php(1267): Illuminate/Database/Connection->getPdo()
#7 Y:/Connection Platform/backend/vendor/laravel/framework/src/Illuminate/Database/Connection.php(512): Illuminate/Database/Connection->getReadPdo()
#8 Y:/Connection Platform/backend/vendor/laravel/framework/src/Illuminate/Database/Connection.php(407): Illuminate/Database/Connection->getPdoForSelect()
#9 Y:/Connection Platform/backend/vendor/laravel/framework/src/Illuminate/Database/Connection.php(812): Illuminate/Database/Connection->{closure:Illuminate/Database/Connection::select():398}()
#10 Y:/Connection Platform/backend/vendor/laravel/framework/src/Illuminate/Database/Connection.php(779): Illuminate/Database/Connection->runQueryCallback()
#11 Y:/Connection Platform/backend/vendor/laravel/framework/src/Illuminate/Database/Connection.php(398): Illuminate/Database/Connection->run()
#12 Y:/Connection Platform/backend/vendor/laravel/framework/src/Illuminate/Database/Connection.php(344): Illuminate/Database/Connection->select()
#13 Y:/Connection Platform/backend/vendor/laravel/framework/src/Illuminate/Database/Connection.php(361): Illuminate/Database/Connection->selectOne()
#14 Y:/Connection Platform/backend/vendor/laravel/framework/src/Illuminate/Database/Schema/MySqlBuilder.php(45): Illuminate/Database/Connection->scalar()
#15 Y:/Connection Platform/backend/vendor/laravel/framework/src/Illuminate/Database/Migrations/DatabaseMigrationRepository.php(184): Illuminate/Database/Schema/MySqlBuilder->hasTable()
#16 Y:/Connection Platform/backend/vendor/laravel/framework/src/Illuminate/Database/Migrations/Migrator.php(742): Illuminate/Database/Migrations/DatabaseMigrationRepository->repositoryExists()
#17 Y:/Connection Platform/backend/vendor/laravel/framework/src/Illuminate/Database/Console/Migrations/MigrateCommand.php(165): Illuminate/Database/Migrations/Migrator->repositoryExists()
#18 Y:/Connection Platform/backend/vendor/laravel/framework/src/Illuminate/Support/helpers.php(338): Illuminate/Database/Console/Migrations/MigrateCommand->{closure:Illuminate/Database/Console/Migrations/MigrateCommand::repositoryExists():165}()
#19 Y:/Connection Platform/backend/vendor/laravel/framework/src/Illuminate/Database/Console/Migrations/MigrateCommand.php(165): retry()
#20 Y:/Connection Platform/backend/vendor/laravel/framework/src/Illuminate/Database/Console/Migrations/MigrateCommand.php(141): Illuminate/Database/Console/Migrations/MigrateCommand->repositoryExists()
#21 Y:/Connection Platform/backend/vendor/laravel/framework/src/Illuminate/Database/Console/Migrations/MigrateCommand.php(111): Illuminate/Database/Console/Migrations/MigrateCommand->prepareDatabase()
#22 Y:/Connection Platform/backend/vendor/laravel/framework/src/Illuminate/Database/Migrations/Migrator.php(658): Illuminate/Database/Console/Migrations/MigrateCommand->{closure:Illuminate/Database/Console/Migrations/MigrateCommand::runMigrations():110}()
#23 Y:/Connection Platform/backend/vendor/laravel/framework/src/Illuminate/Database/Console/Migrations/MigrateCommand.php(110): Illuminate/Database/Migrations/Migrator->usingConnection()
#24 Y:/Connection Platform/backend/vendor/laravel/framework/src/Illuminate/Database/Console/Migrations/MigrateCommand.php(89): Illuminate/Database/Console/Migrations/MigrateCommand->runMigrations()
#25 Y:/Connection Platform/backend/vendor/laravel/framework/src/Illuminate/Container/BoundMethod.php(36): Illuminate/Database/Console/Migrations/MigrateCommand->handle()
#26 Y:/Connection Platform/backend/vendor/laravel/framework/src/Illuminate/Container/Util.php(43): Illuminate/Container/BoundMethod::{closure:Illuminate/Container/BoundMethod::call():35}()
#27 Y:/Connection Platform/backend/vendor/laravel/framework/src/Illuminate/Container/BoundMethod.php(95): Illuminate/Container/Util::unwrapIfClosure()
#28 Y:/Connection Platform/backend/vendor/laravel/framework/src/Illuminate/Container/BoundMethod.php(35): Illuminate/Container/BoundMethod::callBoundMethod()
#29 Y:/Connection Platform/backend/vendor/laravel/framework/src/Illuminate/Container/Container.php(696): Illuminate/Container/BoundMethod::call()
#30 Y:/Connection Platform/backend/vendor/laravel/framework/src/Illuminate/Console/Command.php(213): Illuminate/Container/Container->call()
#31 Y:/Connection Platform/backend/vendor/symfony/console/Command/Command.php(341): Illuminate/Console/Command->execute()
#32 Y:/Connection Platform/backend/vendor/laravel/framework/src/Illuminate/Console/Command.php(182): Symfony/Component/Console/Command/Command->run()
#33 Y:/Connection Platform/backend/vendor/symfony/console/Application.php(1117): Illuminate/Console/Command->run()
#34 Y:/Connection Platform/backend/vendor/symfony/console/Application.php(356): Symfony/Component/Console/Application->doRunCommand()
#35 Y:/Connection Platform/backend/vendor/symfony/console/Application.php(195): Symfony/Component/Console/Application->doRun()
#36 Y:/Connection Platform/backend/vendor/laravel/framework/src/Illuminate/Foundation/Console/Kernel.php(198): Symfony/Component/Console/Application->run()
#37 Y:/Connection Platform/backend/artisan(33): Illuminate/Foundation/Console/Kernel->handle()
#38 {main}
"} 
[2026-05-05 19:41:33] local.ERROR: SQLSTATE[HY000] [1045] Access denied for user 'root'@'localhost' (using password: NO) (Connection: mysql, SQL: select exists (select 1 from information_schema.tables where table_schema = 'connextion' and table_name = 'migrations' and table_type in ('BASE TABLE', 'SYSTEM VERSIONED')) as `exists`) {"exception":"[object] (Illuminate\\Database\\QueryException(code: 1045): SQLSTATE[HY000] [1045] Access denied for user 'root'@'localhost' (using password: NO) (Connection: mysql, SQL: select exists (select 1 from information_schema.tables where table_schema = 'connextion' and table_name = 'migrations' and table_type in ('BASE TABLE', 'SYSTEM VERSIONED')) as `exists`) at Y:/Connection Platform/backend/vendor/laravel/framework/src/Illuminate/Database/Connection.php:825)
[stacktrace]
#0 Y:/Connection Platform/backend/vendor/laravel/framework/src/Illuminate/Database/Connection.php(779): Illuminate/Database/Connection->runQueryCallback()
#1 Y:/Connection Platform/backend/vendor/laravel/framework/src/Illuminate/Database/Connection.php(398): Illuminate/Database/Connection->run()
#2 Y:/Connection Platform/backend/vendor/laravel/framework/src/Illuminate/Database/Connection.php(344): Illuminate/Database/Connection->select()
#3 Y:/Connection Platform/backend/vendor/laravel/framework/src/Illuminate/Database/Connection.php(361): Illuminate/Database/Connection->selectOne()
#4 Y:/Connection Platform/backend/vendor/laravel/framework/src/Illuminate/Database/Schema/MySqlBuilder.php(45): Illuminate/Database/Connection->scalar()
#5 Y:/Connection Platform/backend/vendor/laravel/framework/src/Illuminate/Database/Migrations/DatabaseMigrationRepository.php(184): Illuminate/Database/Schema/MySqlBuilder->hasTable()
#6 Y:/Connection Platform/backend/vendor/laravel/framework/src/Illuminate/Database/Migrations/Migrator.php(742): Illuminate/Database/Migrations/DatabaseMigrationRepository->repositoryExists()
#7 Y:/Connection Platform/backend/vendor/laravel/framework/src/Illuminate/Database/Console/Migrations/MigrateCommand.php(165): Illuminate/Database/Migrations/Migrator->repositoryExists()
#8 Y:/Connection Platform/backend/vendor/laravel/framework/src/Illuminate/Support/helpers.php(338): Illuminate/Database/Console/Migrations/MigrateCommand->{closure:Illuminate/Database/Console/Migrations/MigrateCommand::repositoryExists():165}()
#9 Y:/Connection Platform/backend/vendor/laravel/framework/src/Illuminate/Database/Console/Migrations/MigrateCommand.php(165): retry()
#10 Y:/Connection Platform/backend/vendor/laravel/framework/src/Illuminate/Database/Console/Migrations/MigrateCommand.php(141): Illuminate/Database/Console/Migrations/MigrateCommand->repositoryExists()
#11 Y:/Connection Platform/backend/vendor/laravel/framework/src/Illuminate/Database/Console/Migrations/MigrateCommand.php(111): Illuminate/Database/Console/Migrations/MigrateCommand->prepareDatabase()
#12 Y:/Connection Platform/backend/vendor/laravel/framework/src/Illuminate/Database/Migrations/Migrator.php(658): Illuminate/Database/Console/Migrations/MigrateCommand->{closure:Illuminate/Database/Console/Migrations/MigrateCommand::runMigrations():110}()
#13 Y:/Connection Platform/backend/vendor/laravel/framework/src/Illuminate/Database/Console/Migrations/MigrateCommand.php(110): Illuminate/Database/Migrations/Migrator->usingConnection()
#14 Y:/Connection Platform/backend/vendor/laravel/framework/src/Illuminate/Database/Console/Migrations/MigrateCommand.php(89): Illuminate/Database/Console/Migrations/MigrateCommand->runMigrations()
#15 Y:/Connection Platform/backend/vendor/laravel/framework/src/Illuminate/Container/BoundMethod.php(36): Illuminate/Database/Console/Migrations/MigrateCommand->handle()
#16 Y:/Connection Platform/backend/vendor/laravel/framework/src/Illuminate/Container/Util.php(43): Illuminate/Container/BoundMethod::{closure:Illuminate/Container/BoundMethod::call():35}()
#17 Y:/Connection Platform/backend/vendor/laravel/framework/src/Illuminate/Container/BoundMethod.php(95): Illuminate/Container/Util::unwrapIfClosure()
#18 Y:/Connection Platform/backend/vendor/laravel/framework/src/Illuminate/Container/BoundMethod.php(35): Illuminate/Container/BoundMethod::callBoundMethod()
#19 Y:/Connection Platform/backend/vendor/laravel/framework/src/Illuminate/Container/Container.php(696): Illuminate/Container/BoundMethod::call()
#20 Y:/Connection Platform/backend/vendor/laravel/framework/src/Illuminate/Console/Command.php(213): Illuminate/Container/Container->call()
#21 Y:/Connection Platform/backend/vendor/symfony/console/Command/Command.php(341): Illuminate/Console/Command->execute()
#22 Y:/Connection Platform/backend/vendor/laravel/framework/src/Illuminate/Console/Command.php(182): Symfony/Component/Console/Command/Command->run()
#23 Y:/Connection Platform/backend/vendor/symfony/console/Application.php(1117): Illuminate/Console/Command->run()
#24 Y:/Connection Platform/backend/vendor/symfony/console/Application.php(356): Symfony/Component/Console/Application->doRunCommand()
#25 Y:/Connection Platform/backend/vendor/symfony/console/Application.php(195): Symfony/Component/Console/Application->doRun()
#26 Y:/Connection Platform/backend/vendor/laravel/framework/src/Illuminate/Foundation/Console/Kernel.php(198): Symfony/Component/Console/Application->run()
#27 Y:/Connection Platform/backend/artisan(33): Illuminate/Foundation/Console/Kernel->handle()
#28 {main}

[previous exception] [object] (PDOException(code: 1045): SQLSTATE[HY000] [1045] Access denied for user 'root'@'localhost' (using password: NO) at Y:/Connection Platform/backend/vendor/laravel/framework/src/Illuminate/Database/Connectors/Connector.php:67)
[stacktrace]
#0 Y:/Connection Platform/backend/vendor/laravel/framework/src/Illuminate/Database/Connectors/Connector.php(67): PDO::connect()
#1 Y:/Connection Platform/backend/vendor/laravel/framework/src/Illuminate/Database/Connectors/Connector.php(44): Illuminate/Database/Connectors/Connector->createPdoConnection()
#2 Y:/Connection Platform/backend/vendor/laravel/framework/src/Illuminate/Database/Connectors/MySqlConnector.php(24): Illuminate/Database/Connectors/Connector->createConnection()
#3 Y:/Connection Platform/backend/vendor/laravel/framework/src/Illuminate/Database/Connectors/ConnectionFactory.php(185): Illuminate/Database/Connectors/MySqlConnector->connect()
#4 [internal function]: Illuminate/Database/Connectors/ConnectionFactory->{closure:Illuminate/Database/Connectors/ConnectionFactory::createPdoResolverWithHosts():180}()
#5 Y:/Connection Platform/backend/vendor/laravel/framework/src/Illuminate/Database/Connection.php(1231): call_user_func()
#6 Y:/Connection Platform/backend/vendor/laravel/framework/src/Illuminate/Database/Connection.php(1267): Illuminate/Database/Connection->getPdo()
#7 Y:/Connection Platform/backend/vendor/laravel/framework/src/Illuminate/Database/Connection.php(512): Illuminate/Database/Connection->getReadPdo()
#8 Y:/Connection Platform/backend/vendor/laravel/framework/src/Illuminate/Database/Connection.php(407): Illuminate/Database/Connection->getPdoForSelect()
#9 Y:/Connection Platform/backend/vendor/laravel/framework/src/Illuminate/Database/Connection.php(812): Illuminate/Database/Connection->{closure:Illuminate/Database/Connection::select():398}()
#10 Y:/Connection Platform/backend/vendor/laravel/framework/src/Illuminate/Database/Connection.php(779): Illuminate/Database/Connection->runQueryCallback()
#11 Y:/Connection Platform/backend/vendor/laravel/framework/src/Illuminate/Database/Connection.php(398): Illuminate/Database/Connection->run()
#12 Y:/Connection Platform/backend/vendor/laravel/framework/src/Illuminate/Database/Connection.php(344): Illuminate/Database/Connection->select()
#13 Y:/Connection Platform/backend/vendor/laravel/framework/src/Illuminate/Database/Connection.php(361): Illuminate/Database/Connection->selectOne()
#14 Y:/Connection Platform/backend/vendor/laravel/framework/src/Illuminate/Database/Schema/MySqlBuilder.php(45): Illuminate/Database/Connection->scalar()
#15 Y:/Connection Platform/backend/vendor/laravel/framework/src/Illuminate/Database/Migrations/DatabaseMigrationRepository.php(184): Illuminate/Database/Schema/MySqlBuilder->hasTable()
#16 Y:/Connection Platform/backend/vendor/laravel/framework/src/Illuminate/Database/Migrations/Migrator.php(742): Illuminate/Database/Migrations/DatabaseMigrationRepository->repositoryExists()
#17 Y:/Connection Platform/backend/vendor/laravel/framework/src/Illuminate/Database/Console/Migrations/MigrateCommand.php(165): Illuminate/Database/Migrations/Migrator->repositoryExists()
#18 Y:/Connection Platform/backend/vendor/laravel/framework/src/Illuminate/Support/helpers.php(338): Illuminate/Database/Console/Migrations/MigrateCommand->{closure:Illuminate/Database/Console/Migrations/MigrateCommand::repositoryExists():165}()
#19 Y:/Connection Platform/backend/vendor/laravel/framework/src/Illuminate/Database/Console/Migrations/MigrateCommand.php(165): retry()
#20 Y:/Connection Platform/backend/vendor/laravel/framework/src/Illuminate/Database/Console/Migrations/MigrateCommand.php(141): Illuminate/Database/Console/Migrations/MigrateCommand->repositoryExists()
#21 Y:/Connection Platform/backend/vendor/laravel/framework/src/Illuminate/Database/Console/Migrations/MigrateCommand.php(111): Illuminate/Database/Console/Migrations/MigrateCommand->prepareDatabase()
#22 Y:/Connection Platform/backend/vendor/laravel/framework/src/Illuminate/Database/Migrations/Migrator.php(658): Illuminate/Database/Console/Migrations/MigrateCommand->{closure:Illuminate/Database/Console/Migrations/MigrateCommand::runMigrations():110}()
#23 Y:/Connection Platform/backend/vendor/laravel/framework/src/Illuminate/Database/Console/Migrations/MigrateCommand.php(110): Illuminate/Database/Migrations/Migrator->usingConnection()
#24 Y:/Connection Platform/backend/vendor/laravel/framework/src/Illuminate/Database/Console/Migrations/MigrateCommand.php(89): Illuminate/Database/Console/Migrations/MigrateCommand->runMigrations()
#25 Y:/Connection Platform/backend/vendor/laravel/framework/src/Illuminate/Container/BoundMethod.php(36): Illuminate/Database/Console/Migrations/MigrateCommand->handle()
#26 Y:/Connection Platform/backend/vendor/laravel/framework/src/Illuminate/Container/Util.php(43): Illuminate/Container/BoundMethod::{closure:Illuminate/Container/BoundMethod::call():35}()
#27 Y:/Connection Platform/backend/vendor/laravel/framework/src/Illuminate/Container/BoundMethod.php(95): Illuminate/Container/Util::unwrapIfClosure()
#28 Y:/Connection Platform/backend/vendor/laravel/framework/src/Illuminate/Container/BoundMethod.php(35): Illuminate/Container/BoundMethod::callBoundMethod()
#29 Y:/Connection Platform/backend/vendor/laravel/framework/src/Illuminate/Container/Container.php(696): Illuminate/Container/BoundMethod::call()
#30 Y:/Connection Platform/backend/vendor/laravel/framework/src/Illuminate/Console/Command.php(213): Illuminate/Container/Container->call()
#31 Y:/Connection Platform/backend/vendor/symfony/console/Command/Command.php(341): Illuminate/Console/Command->execute()
#32 Y:/Connection Platform/backend/vendor/laravel/framework/src/Illuminate/Console/Command.php(182): Symfony/Component/Console/Command/Command->run()
#33 Y:/Connection Platform/backend/vendor/symfony/console/Application.php(1117): Illuminate/Console/Command->run()
#34 Y:/Connection Platform/backend/vendor/symfony/console/Application.php(356): Symfony/Component/Console/Application->doRunCommand()
#35 Y:/Connection Platform/backend/vendor/symfony/console/Application.php(195): Symfony/Component/Console/Application->doRun()
#36 Y:/Connection Platform/backend/vendor/laravel/framework/src/Illuminate/Foundation/Console/Kernel.php(198): Symfony/Component/Console/Application->run()
#37 Y:/Connection Platform/backend/artisan(33): Illuminate/Foundation/Console/Kernel->handle()
#38 {main}
"} 
[2026-05-05 19:44:43] local.ERROR: SQLSTATE[HY000] [1045] Access denied for user 'root'@'localhost' (using password: NO) (Connection: mysql, SQL: select exists (select 1 from information_schema.tables where table_schema = 'connection' and table_name = 'migrations' and table_type in ('BASE TABLE', 'SYSTEM VERSIONED')) as `exists`) {"exception":"[object] (Illuminate\\Database\\QueryException(code: 1045): SQLSTATE[HY000] [1045] Access denied for user 'root'@'localhost' (using password: NO) (Connection: mysql, SQL: select exists (select 1 from information_schema.tables where table_schema = 'connection' and table_name = 'migrations' and table_type in ('BASE TABLE', 'SYSTEM VERSIONED')) as `exists`) at Y:/Connection Platform/backend/vendor/laravel/framework/src/Illuminate/Database/Connection.php:825)
[stacktrace]
#0 Y:/Connection Platform/backend/vendor/laravel/framework/src/Illuminate/Database/Connection.php(779): Illuminate/Database/Connection->runQueryCallback()
#1 Y:/Connection Platform/backend/vendor/laravel/framework/src/Illuminate/Database/Connection.php(398): Illuminate/Database/Connection->run()
#2 Y:/Connection Platform/backend/vendor/laravel/framework/src/Illuminate/Database/Connection.php(344): Illuminate/Database/Connection->select()
#3 Y:/Connection Platform/backend/vendor/laravel/framework/src/Illuminate/Database/Connection.php(361): Illuminate/Database/Connection->selectOne()
#4 Y:/Connection Platform/backend/vendor/laravel/framework/src/Illuminate/Database/Schema/MySqlBuilder.php(45): Illuminate/Database/Connection->scalar()
#5 Y:/Connection Platform/backend/vendor/laravel/framework/src/Illuminate/Database/Migrations/DatabaseMigrationRepository.php(184): Illuminate/Database/Schema/MySqlBuilder->hasTable()
#6 Y:/Connection Platform/backend/vendor/laravel/framework/src/Illuminate/Database/Migrations/Migrator.php(742): Illuminate/Database/Migrations/DatabaseMigrationRepository->repositoryExists()
#7 Y:/Connection Platform/backend/vendor/laravel/framework/src/Illuminate/Database/Console/Migrations/MigrateCommand.php(165): Illuminate/Database/Migrations/Migrator->repositoryExists()
#8 Y:/Connection Platform/backend/vendor/laravel/framework/src/Illuminate/Support/helpers.php(338): Illuminate/Database/Console/Migrations/MigrateCommand->{closure:Illuminate/Database/Console/Migrations/MigrateCommand::repositoryExists():165}()
#9 Y:/Connection Platform/backend/vendor/laravel/framework/src/Illuminate/Database/Console/Migrations/MigrateCommand.php(165): retry()
#10 Y:/Connection Platform/backend/vendor/laravel/framework/src/Illuminate/Database/Console/Migrations/MigrateCommand.php(141): Illuminate/Database/Console/Migrations/MigrateCommand->repositoryExists()
#11 Y:/Connection Platform/backend/vendor/laravel/framework/src/Illuminate/Database/Console/Migrations/MigrateCommand.php(111): Illuminate/Database/Console/Migrations/MigrateCommand->prepareDatabase()
#12 Y:/Connection Platform/backend/vendor/laravel/framework/src/Illuminate/Database/Migrations/Migrator.php(658): Illuminate/Database/Console/Migrations/MigrateCommand->{closure:Illuminate/Database/Console/Migrations/MigrateCommand::runMigrations():110}()
#13 Y:/Connection Platform/backend/vendor/laravel/framework/src/Illuminate/Database/Console/Migrations/MigrateCommand.php(110): Illuminate/Database/Migrations/Migrator->usingConnection()
#14 Y:/Connection Platform/backend/vendor/laravel/framework/src/Illuminate/Database/Console/Migrations/MigrateCommand.php(89): Illuminate/Database/Console/Migrations/MigrateCommand->runMigrations()
#15 Y:/Connection Platform/backend/vendor/laravel/framework/src/Illuminate/Container/BoundMethod.php(36): Illuminate/Database/Console/Migrations/MigrateCommand->handle()
#16 Y:/Connection Platform/backend/vendor/laravel/framework/src/Illuminate/Container/Util.php(43): Illuminate/Container/BoundMethod::{closure:Illuminate/Container/BoundMethod::call():35}()
#17 Y:/Connection Platform/backend/vendor/laravel/framework/src/Illuminate/Container/BoundMethod.php(95): Illuminate/Container/Util::unwrapIfClosure()
#18 Y:/Connection Platform/backend/vendor/laravel/framework/src/Illuminate/Container/BoundMethod.php(35): Illuminate/Container/BoundMethod::callBoundMethod()
#19 Y:/Connection Platform/backend/vendor/laravel/framework/src/Illuminate/Container/Container.php(696): Illuminate/Container/BoundMethod::call()
#20 Y:/Connection Platform/backend/vendor/laravel/framework/src/Illuminate/Console/Command.php(213): Illuminate/Container/Container->call()
#21 Y:/Connection Platform/backend/vendor/symfony/console/Command/Command.php(341): Illuminate/Console/Command->execute()
#22 Y:/Connection Platform/backend/vendor/laravel/framework/src/Illuminate/Console/Command.php(182): Symfony/Component/Console/Command/Command->run()
#23 Y:/Connection Platform/backend/vendor/symfony/console/Application.php(1117): Illuminate/Console/Command->run()
#24 Y:/Connection Platform/backend/vendor/symfony/console/Application.php(356): Symfony/Component/Console/Application->doRunCommand()
#25 Y:/Connection Platform/backend/vendor/symfony/console/Application.php(195): Symfony/Component/Console/Application->doRun()
#26 Y:/Connection Platform/backend/vendor/laravel/framework/src/Illuminate/Foundation/Console/Kernel.php(198): Symfony/Component/Console/Application->run()
#27 Y:/Connection Platform/backend/artisan(33): Illuminate/Foundation/Console/Kernel->handle()
#28 {main}

[previous exception] [object] (PDOException(code: 1045): SQLSTATE[HY000] [1045] Access denied for user 'root'@'localhost' (using password: NO) at Y:/Connection Platform/backend/vendor/laravel/framework/src/Illuminate/Database/Connectors/Connector.php:67)
[stacktrace]
#0 Y:/Connection Platform/backend/vendor/laravel/framework/src/Illuminate/Database/Connectors/Connector.php(67): PDO::connect()
#1 Y:/Connection Platform/backend/vendor/laravel/framework/src/Illuminate/Database/Connectors/Connector.php(44): Illuminate/Database/Connectors/Connector->createPdoConnection()
#2 Y:/Connection Platform/backend/vendor/laravel/framework/src/Illuminate/Database/Connectors/MySqlConnector.php(24): Illuminate/Database/Connectors/Connector->createConnection()
#3 Y:/Connection Platform/backend/vendor/laravel/framework/src/Illuminate/Database/Connectors/ConnectionFactory.php(185): Illuminate/Database/Connectors/MySqlConnector->connect()
#4 [internal function]: Illuminate/Database/Connectors/ConnectionFactory->{closure:Illuminate/Database/Connectors/ConnectionFactory::createPdoResolverWithHosts():180}()
#5 Y:/Connection Platform/backend/vendor/laravel/framework/src/Illuminate/Database/Connection.php(1231): call_user_func()
#6 Y:/Connection Platform/backend/vendor/laravel/framework/src/Illuminate/Database/Connection.php(1267): Illuminate/Database/Connection->getPdo()
#7 Y:/Connection Platform/backend/vendor/laravel/framework/src/Illuminate/Database/Connection.php(512): Illuminate/Database/Connection->getReadPdo()
#8 Y:/Connection Platform/backend/vendor/laravel/framework/src/Illuminate/Database/Connection.php(407): Illuminate/Database/Connection->getPdoForSelect()
#9 Y:/Connection Platform/backend/vendor/laravel/framework/src/Illuminate/Database/Connection.php(812): Illuminate/Database/Connection->{closure:Illuminate/Database/Connection::select():398}()
#10 Y:/Connection Platform/backend/vendor/laravel/framework/src/Illuminate/Database/Connection.php(779): Illuminate/Database/Connection->runQueryCallback()
#11 Y:/Connection Platform/backend/vendor/laravel/framework/src/Illuminate/Database/Connection.php(398): Illuminate/Database/Connection->run()
#12 Y:/Connection Platform/backend/vendor/laravel/framework/src/Illuminate/Database/Connection.php(344): Illuminate/Database/Connection->select()
#13 Y:/Connection Platform/backend/vendor/laravel/framework/src/Illuminate/Database/Connection.php(361): Illuminate/Database/Connection->selectOne()
#14 Y:/Connection Platform/backend/vendor/laravel/framework/src/Illuminate/Database/Schema/MySqlBuilder.php(45): Illuminate/Database/Connection->scalar()
#15 Y:/Connection Platform/backend/vendor/laravel/framework/src/Illuminate/Database/Migrations/DatabaseMigrationRepository.php(184): Illuminate/Database/Schema/MySqlBuilder->hasTable()
#16 Y:/Connection Platform/backend/vendor/laravel/framework/src/Illuminate/Database/Migrations/Migrator.php(742): Illuminate/Database/Migrations/DatabaseMigrationRepository->repositoryExists()
#17 Y:/Connection Platform/backend/vendor/laravel/framework/src/Illuminate/Database/Console/Migrations/MigrateCommand.php(165): Illuminate/Database/Migrations/Migrator->repositoryExists()
#18 Y:/Connection Platform/backend/vendor/laravel/framework/src/Illuminate/Support/helpers.php(338): Illuminate/Database/Console/Migrations/MigrateCommand->{closure:Illuminate/Database/Console/Migrations/MigrateCommand::repositoryExists():165}()
#19 Y:/Connection Platform/backend/vendor/laravel/framework/src/Illuminate/Database/Console/Migrations/MigrateCommand.php(165): retry()
#20 Y:/Connection Platform/backend/vendor/laravel/framework/src/Illuminate/Database/Console/Migrations/MigrateCommand.php(141): Illuminate/Database/Console/Migrations/MigrateCommand->repositoryExists()
#21 Y:/Connection Platform/backend/vendor/laravel/framework/src/Illuminate/Database/Console/Migrations/MigrateCommand.php(111): Illuminate/Database/Console/Migrations/MigrateCommand->prepareDatabase()
#22 Y:/Connection Platform/backend/vendor/laravel/framework/src/Illuminate/Database/Migrations/Migrator.php(658): Illuminate/Database/Console/Migrations/MigrateCommand->{closure:Illuminate/Database/Console/Migrations/MigrateCommand::runMigrations():110}()
#23 Y:/Connection Platform/backend/vendor/laravel/framework/src/Illuminate/Database/Console/Migrations/MigrateCommand.php(110): Illuminate/Database/Migrations/Migrator->usingConnection()
#24 Y:/Connection Platform/backend/vendor/laravel/framework/src/Illuminate/Database/Console/Migrations/MigrateCommand.php(89): Illuminate/Database/Console/Migrations/MigrateCommand->runMigrations()
#25 Y:/Connection Platform/backend/vendor/laravel/framework/src/Illuminate/Container/BoundMethod.php(36): Illuminate/Database/Console/Migrations/MigrateCommand->handle()
#26 Y:/Connection Platform/backend/vendor/laravel/framework/src/Illuminate/Container/Util.php(43): Illuminate/Container/BoundMethod::{closure:Illuminate/Container/BoundMethod::call():35}()
#27 Y:/Connection Platform/backend/vendor/laravel/framework/src/Illuminate/Container/BoundMethod.php(95): Illuminate/Container/Util::unwrapIfClosure()
#28 Y:/Connection Platform/backend/vendor/laravel/framework/src/Illuminate/Container/BoundMethod.php(35): Illuminate/Container/BoundMethod::callBoundMethod()
#29 Y:/Connection Platform/backend/vendor/laravel/framework/src/Illuminate/Container/Container.php(696): Illuminate/Container/BoundMethod::call()
#30 Y:/Connection Platform/backend/vendor/laravel/framework/src/Illuminate/Console/Command.php(213): Illuminate/Container/Container->call()
#31 Y:/Connection Platform/backend/vendor/symfony/console/Command/Command.php(341): Illuminate/Console/Command->execute()
#32 Y:/Connection Platform/backend/vendor/laravel/framework/src/Illuminate/Console/Command.php(182): Symfony/Component/Console/Command/Command->run()
#33 Y:/Connection Platform/backend/vendor/symfony/console/Application.php(1117): Illuminate/Console/Command->run()
#34 Y:/Connection Platform/backend/vendor/symfony/console/Application.php(356): Symfony/Component/Console/Application->doRunCommand()
#35 Y:/Connection Platform/backend/vendor/symfony/console/Application.php(195): Symfony/Component/Console/Application->doRun()
#36 Y:/Connection Platform/backend/vendor/laravel/framework/src/Illuminate/Foundation/Console/Kernel.php(198): Symfony/Component/Console/Application->run()
#37 Y:/Connection Platform/backend/artisan(33): Illuminate/Foundation/Console/Kernel->handle()
#38 {main}
"} 
[2026-05-05 19:45:27] local.ERROR: SQLSTATE[42000]: Syntax error or access violation: 1059 Identifier name 'conversations_employer_profile_id_job_seeker_profile_id_job_id_unique' is too long (Connection: mysql, SQL: alter table `conversations` add unique `conversations_employer_profile_id_job_seeker_profile_id_job_id_unique`(`employer_profile_id`, `job_seeker_profile_id`, `job_id`)) {"exception":"[object] (Illuminate\\Database\\QueryException(code: 42000): SQLSTATE[42000]: Syntax error or access violation: 1059 Identifier name 'conversations_employer_profile_id_job_seeker_profile_id_job_id_unique' is too long (Connection: mysql, SQL: alter table `conversations` add unique `conversations_employer_profile_id_job_seeker_profile_id_job_id_unique`(`employer_profile_id`, `job_seeker_profile_id`, `job_id`)) at Y:/Connection Platform/backend/vendor/laravel/framework/src/Illuminate/Database/Connection.php:825)
[stacktrace]
#0 Y:/Connection Platform/backend/vendor/laravel/framework/src/Illuminate/Database/Connection.php(779): Illuminate/Database/Connection->runQueryCallback()
#1 Y:/Connection Platform/backend/vendor/laravel/framework/src/Illuminate/Database/Connection.php(560): Illuminate/Database/Connection->run()
#2 Y:/Connection Platform/backend/vendor/laravel/framework/src/Illuminate/Database/Schema/Blueprint.php(118): Illuminate/Database/Connection->statement()
#3 Y:/Connection Platform/backend/vendor/laravel/framework/src/Illuminate/Database/Schema/Builder.php(564): Illuminate/Database/Schema/Blueprint->build()
#4 Y:/Connection Platform/backend/vendor/laravel/framework/src/Illuminate/Database/Schema/Builder.php(418): Illuminate/Database/Schema/Builder->build()
#5 Y:/Connection Platform/backend/vendor/laravel/framework/src/Illuminate/Support/Facades/Facade.php(361): Illuminate/Database/Schema/Builder->create()
#6 Y:/Connection Platform/backend/database/migrations/2024_01_01_000007_create_conversations_table.php(11): Illuminate/Support/Facades/Facade::__callStatic()
#7 Y:/Connection Platform/backend/vendor/laravel/framework/src/Illuminate/Database/Migrations/Migrator.php(507): Illuminate/Database/Migrations/Migration@anonymous->up()
#8 Y:/Connection Platform/backend/vendor/laravel/framework/src/Illuminate/Database/Migrations/Migrator.php(432): Illuminate/Database/Migrations/Migrator->runMethod()
#9 Y:/Connection Platform/backend/vendor/laravel/framework/src/Illuminate/Database/Migrations/Migrator.php(441): Illuminate/Database/Migrations/Migrator->{closure:Illuminate/Database/Migrations/Migrator::runMigration():428}()
#10 Y:/Connection Platform/backend/vendor/laravel/framework/src/Illuminate/Database/Migrations/Migrator.php(244): Illuminate/Database/Migrations/Migrator->runMigration()
#11 Y:/Connection Platform/backend/vendor/laravel/framework/src/Illuminate/Console/View/Components/Task.php(40): Illuminate/Database/Migrations/Migrator->{closure:Illuminate/Database/Migrations/Migrator::runUp():244}()
#12 Y:/Connection Platform/backend/vendor/laravel/framework/src/Illuminate/Database/Migrations/Migrator.php(798): Illuminate/Console/View/Components/Task->render()
#13 Y:/Connection Platform/backend/vendor/laravel/framework/src/Illuminate/Database/Migrations/Migrator.php(244): Illuminate/Database/Migrations/Migrator->write()
#14 Y:/Connection Platform/backend/vendor/laravel/framework/src/Illuminate/Database/Migrations/Migrator.php(211): Illuminate/Database/Migrations/Migrator->runUp()
#15 Y:/Connection Platform/backend/vendor/laravel/framework/src/Illuminate/Database/Migrations/Migrator.php(138): Illuminate/Database/Migrations/Migrator->runPending()
#16 Y:/Connection Platform/backend/vendor/laravel/framework/src/Illuminate/Database/Console/Migrations/MigrateCommand.php(117): Illuminate/Database/Migrations/Migrator->run()
#17 Y:/Connection Platform/backend/vendor/laravel/framework/src/Illuminate/Database/Migrations/Migrator.php(658): Illuminate/Database/Console/Migrations/MigrateCommand->{closure:Illuminate/Database/Console/Migrations/MigrateCommand::runMigrations():110}()
#18 Y:/Connection Platform/backend/vendor/laravel/framework/src/Illuminate/Database/Console/Migrations/MigrateCommand.php(110): Illuminate/Database/Migrations/Migrator->usingConnection()
#19 Y:/Connection Platform/backend/vendor/laravel/framework/src/Illuminate/Database/Console/Migrations/MigrateCommand.php(89): Illuminate/Database/Console/Migrations/MigrateCommand->runMigrations()
#20 Y:/Connection Platform/backend/vendor/laravel/framework/src/Illuminate/Container/BoundMethod.php(36): Illuminate/Database/Console/Migrations/MigrateCommand->handle()
#21 Y:/Connection Platform/backend/vendor/laravel/framework/src/Illuminate/Container/Util.php(43): Illuminate/Container/BoundMethod::{closure:Illuminate/Container/BoundMethod::call():35}()
#22 Y:/Connection Platform/backend/vendor/laravel/framework/src/Illuminate/Container/BoundMethod.php(95): Illuminate/Container/Util::unwrapIfClosure()
#23 Y:/Connection Platform/backend/vendor/laravel/framework/src/Illuminate/Container/BoundMethod.php(35): Illuminate/Container/BoundMethod::callBoundMethod()
#24 Y:/Connection Platform/backend/vendor/laravel/framework/src/Illuminate/Container/Container.php(696): Illuminate/Container/BoundMethod::call()
#25 Y:/Connection Platform/backend/vendor/laravel/framework/src/Illuminate/Console/Command.php(213): Illuminate/Container/Container->call()
#26 Y:/Connection Platform/backend/vendor/symfony/console/Command/Command.php(341): Illuminate/Console/Command->execute()
#27 Y:/Connection Platform/backend/vendor/laravel/framework/src/Illuminate/Console/Command.php(182): Symfony/Component/Console/Command/Command->run()
#28 Y:/Connection Platform/backend/vendor/symfony/console/Application.php(1117): Illuminate/Console/Command->run()
#29 Y:/Connection Platform/backend/vendor/symfony/console/Application.php(356): Symfony/Component/Console/Application->doRunCommand()
#30 Y:/Connection Platform/backend/vendor/symfony/console/Application.php(195): Symfony/Component/Console/Application->doRun()
#31 Y:/Connection Platform/backend/vendor/laravel/framework/src/Illuminate/Foundation/Console/Kernel.php(198): Symfony/Component/Console/Application->run()
#32 Y:/Connection Platform/backend/artisan(33): Illuminate/Foundation/Console/Kernel->handle()
#33 {main}

[previous exception] [object] (PDOException(code: 42000): SQLSTATE[42000]: Syntax error or access violation: 1059 Identifier name 'conversations_employer_profile_id_job_seeker_profile_id_job_id_unique' is too long at Y:/Connection Platform/backend/vendor/laravel/framework/src/Illuminate/Database/Connection.php:571)
[stacktrace]
#0 Y:/Connection Platform/backend/vendor/laravel/framework/src/Illuminate/Database/Connection.php(571): PDOStatement->execute()
#1 Y:/Connection Platform/backend/vendor/laravel/framework/src/Illuminate/Database/Connection.php(812): Illuminate/Database/Connection->{closure:Illuminate/Database/Connection::statement():560}()
#2 Y:/Connection Platform/backend/vendor/laravel/framework/src/Illuminate/Database/Connection.php(779): Illuminate/Database/Connection->runQueryCallback()
#3 Y:/Connection Platform/backend/vendor/laravel/framework/src/Illuminate/Database/Connection.php(560): Illuminate/Database/Connection->run()
#4 Y:/Connection Platform/backend/vendor/laravel/framework/src/Illuminate/Database/Schema/Blueprint.php(118): Illuminate/Database/Connection->statement()
#5 Y:/Connection Platform/backend/vendor/laravel/framework/src/Illuminate/Database/Schema/Builder.php(564): Illuminate/Database/Schema/Blueprint->build()
#6 Y:/Connection Platform/backend/vendor/laravel/framework/src/Illuminate/Database/Schema/Builder.php(418): Illuminate/Database/Schema/Builder->build()
#7 Y:/Connection Platform/backend/vendor/laravel/framework/src/Illuminate/Support/Facades/Facade.php(361): Illuminate/Database/Schema/Builder->create()
#8 Y:/Connection Platform/backend/database/migrations/2024_01_01_000007_create_conversations_table.php(11): Illuminate/Support/Facades/Facade::__callStatic()
#9 Y:/Connection Platform/backend/vendor/laravel/framework/src/Illuminate/Database/Migrations/Migrator.php(507): Illuminate/Database/Migrations/Migration@anonymous->up()
#10 Y:/Connection Platform/backend/vendor/laravel/framework/src/Illuminate/Database/Migrations/Migrator.php(432): Illuminate/Database/Migrations/Migrator->runMethod()
#11 Y:/Connection Platform/backend/vendor/laravel/framework/src/Illuminate/Database/Migrations/Migrator.php(441): Illuminate/Database/Migrations/Migrator->{closure:Illuminate/Database/Migrations/Migrator::runMigration():428}()
#12 Y:/Connection Platform/backend/vendor/laravel/framework/src/Illuminate/Database/Migrations/Migrator.php(244): Illuminate/Database/Migrations/Migrator->runMigration()
#13 Y:/Connection Platform/backend/vendor/laravel/framework/src/Illuminate/Console/View/Components/Task.php(40): Illuminate/Database/Migrations/Migrator->{closure:Illuminate/Database/Migrations/Migrator::runUp():244}()
#14 Y:/Connection Platform/backend/vendor/laravel/framework/src/Illuminate/Database/Migrations/Migrator.php(798): Illuminate/Console/View/Components/Task->render()
#15 Y:/Connection Platform/backend/vendor/laravel/framework/src/Illuminate/Database/Migrations/Migrator.php(244): Illuminate/Database/Migrations/Migrator->write()
#16 Y:/Connection Platform/backend/vendor/laravel/framework/src/Illuminate/Database/Migrations/Migrator.php(211): Illuminate/Database/Migrations/Migrator->runUp()
#17 Y:/Connection Platform/backend/vendor/laravel/framework/src/Illuminate/Database/Migrations/Migrator.php(138): Illuminate/Database/Migrations/Migrator->runPending()
#18 Y:/Connection Platform/backend/vendor/laravel/framework/src/Illuminate/Database/Console/Migrations/MigrateCommand.php(117): Illuminate/Database/Migrations/Migrator->run()
#19 Y:/Connection Platform/backend/vendor/laravel/framework/src/Illuminate/Database/Migrations/Migrator.php(658): Illuminate/Database/Console/Migrations/MigrateCommand->{closure:Illuminate/Database/Console/Migrations/MigrateCommand::runMigrations():110}()
#20 Y:/Connection Platform/backend/vendor/laravel/framework/src/Illuminate/Database/Console/Migrations/MigrateCommand.php(110): Illuminate/Database/Migrations/Migrator->usingConnection()
#21 Y:/Connection Platform/backend/vendor/laravel/framework/src/Illuminate/Database/Console/Migrations/MigrateCommand.php(89): Illuminate/Database/Console/Migrations/MigrateCommand->runMigrations()
#22 Y:/Connection Platform/backend/vendor/laravel/framework/src/Illuminate/Container/BoundMethod.php(36): Illuminate/Database/Console/Migrations/MigrateCommand->handle()
#23 Y:/Connection Platform/backend/vendor/laravel/framework/src/Illuminate/Container/Util.php(43): Illuminate/Container/BoundMethod::{closure:Illuminate/Container/BoundMethod::call():35}()
#24 Y:/Connection Platform/backend/vendor/laravel/framework/src/Illuminate/Container/BoundMethod.php(95): Illuminate/Container/Util::unwrapIfClosure()
#25 Y:/Connection Platform/backend/vendor/laravel/framework/src/Illuminate/Container/BoundMethod.php(35): Illuminate/Container/BoundMethod::callBoundMethod()
#26 Y:/Connection Platform/backend/vendor/laravel/framework/src/Illuminate/Container/Container.php(696): Illuminate/Container/BoundMethod::call()
#27 Y:/Connection Platform/backend/vendor/laravel/framework/src/Illuminate/Console/Command.php(213): Illuminate/Container/Container->call()
#28 Y:/Connection Platform/backend/vendor/symfony/console/Command/Command.php(341): Illuminate/Console/Command->execute()
#29 Y:/Connection Platform/backend/vendor/laravel/framework/src/Illuminate/Console/Command.php(182): Symfony/Component/Console/Command/Command->run()
#30 Y:/Connection Platform/backend/vendor/symfony/console/Application.php(1117): Illuminate/Console/Command->run()
#31 Y:/Connection Platform/backend/vendor/symfony/console/Application.php(356): Symfony/Component/Console/Application->doRunCommand()
#32 Y:/Connection Platform/backend/vendor/symfony/console/Application.php(195): Symfony/Component/Console/Application->doRun()
#33 Y:/Connection Platform/backend/vendor/laravel/framework/src/Illuminate/Foundation/Console/Kernel.php(198): Symfony/Component/Console/Application->run()
#34 Y:/Connection Platform/backend/artisan(33): Illuminate/Foundation/Console/Kernel->handle()
#35 {main}
"} 
[2026-05-05 19:46:38] local.ERROR: SQLSTATE[42S01]: Base table or view already exists: 1050 Table 'conversations' already exists (Connection: mysql, SQL: create table `conversations` (`id` bigint unsigned not null auto_increment primary key, `employer_profile_id` bigint unsigned not null, `job_seeker_profile_id` bigint unsigned not null, `job_id` bigint unsigned null, `last_message_at` timestamp null, `last_message_id` bigint unsigned null, `created_at` timestamp null, `updated_at` timestamp null) default character set utf8mb4 collate 'utf8mb4_unicode_ci') {"exception":"[object] (Illuminate\\Database\\QueryException(code: 42S01): SQLSTATE[42S01]: Base table or view already exists: 1050 Table 'conversations' already exists (Connection: mysql, SQL: create table `conversations` (`id` bigint unsigned not null auto_increment primary key, `employer_profile_id` bigint unsigned not null, `job_seeker_profile_id` bigint unsigned not null, `job_id` bigint unsigned null, `last_message_at` timestamp null, `last_message_id` bigint unsigned null, `created_at` timestamp null, `updated_at` timestamp null) default character set utf8mb4 collate 'utf8mb4_unicode_ci') at Y:/Connection Platform/backend/vendor/laravel/framework/src/Illuminate/Database/Connection.php:825)
[stacktrace]
#0 Y:/Connection Platform/backend/vendor/laravel/framework/src/Illuminate/Database/Connection.php(779): Illuminate/Database/Connection->runQueryCallback()
#1 Y:/Connection Platform/backend/vendor/laravel/framework/src/Illuminate/Database/Connection.php(560): Illuminate/Database/Connection->run()
#2 Y:/Connection Platform/backend/vendor/laravel/framework/src/Illuminate/Database/Schema/Blueprint.php(118): Illuminate/Database/Connection->statement()
#3 Y:/Connection Platform/backend/vendor/laravel/framework/src/Illuminate/Database/Schema/Builder.php(564): Illuminate/Database/Schema/Blueprint->build()
#4 Y:/Connection Platform/backend/vendor/laravel/framework/src/Illuminate/Database/Schema/Builder.php(418): Illuminate/Database/Schema/Builder->build()
#5 Y:/Connection Platform/backend/vendor/laravel/framework/src/Illuminate/Support/Facades/Facade.php(361): Illuminate/Database/Schema/Builder->create()
#6 Y:/Connection Platform/backend/database/migrations/2024_01_01_000007_create_conversations_table.php(11): Illuminate/Support/Facades/Facade::__callStatic()
#7 Y:/Connection Platform/backend/vendor/laravel/framework/src/Illuminate/Database/Migrations/Migrator.php(507): Illuminate/Database/Migrations/Migration@anonymous->up()
#8 Y:/Connection Platform/backend/vendor/laravel/framework/src/Illuminate/Database/Migrations/Migrator.php(432): Illuminate/Database/Migrations/Migrator->runMethod()
#9 Y:/Connection Platform/backend/vendor/laravel/framework/src/Illuminate/Database/Migrations/Migrator.php(441): Illuminate/Database/Migrations/Migrator->{closure:Illuminate/Database/Migrations/Migrator::runMigration():428}()
#10 Y:/Connection Platform/backend/vendor/laravel/framework/src/Illuminate/Database/Migrations/Migrator.php(244): Illuminate/Database/Migrations/Migrator->runMigration()
#11 Y:/Connection Platform/backend/vendor/laravel/framework/src/Illuminate/Console/View/Components/Task.php(40): Illuminate/Database/Migrations/Migrator->{closure:Illuminate/Database/Migrations/Migrator::runUp():244}()
#12 Y:/Connection Platform/backend/vendor/laravel/framework/src/Illuminate/Database/Migrations/Migrator.php(798): Illuminate/Console/View/Components/Task->render()
#13 Y:/Connection Platform/backend/vendor/laravel/framework/src/Illuminate/Database/Migrations/Migrator.php(244): Illuminate/Database/Migrations/Migrator->write()
#14 Y:/Connection Platform/backend/vendor/laravel/framework/src/Illuminate/Database/Migrations/Migrator.php(211): Illuminate/Database/Migrations/Migrator->runUp()
#15 Y:/Connection Platform/backend/vendor/laravel/framework/src/Illuminate/Database/Migrations/Migrator.php(138): Illuminate/Database/Migrations/Migrator->runPending()
#16 Y:/Connection Platform/backend/vendor/laravel/framework/src/Illuminate/Database/Console/Migrations/MigrateCommand.php(117): Illuminate/Database/Migrations/Migrator->run()
#17 Y:/Connection Platform/backend/vendor/laravel/framework/src/Illuminate/Database/Migrations/Migrator.php(658): Illuminate/Database/Console/Migrations/MigrateCommand->{closure:Illuminate/Database/Console/Migrations/MigrateCommand::runMigrations():110}()
#18 Y:/Connection Platform/backend/vendor/laravel/framework/src/Illuminate/Database/Console/Migrations/MigrateCommand.php(110): Illuminate/Database/Migrations/Migrator->usingConnection()
#19 Y:/Connection Platform/backend/vendor/laravel/framework/src/Illuminate/Database/Console/Migrations/MigrateCommand.php(89): Illuminate/Database/Console/Migrations/MigrateCommand->runMigrations()
#20 Y:/Connection Platform/backend/vendor/laravel/framework/src/Illuminate/Container/BoundMethod.php(36): Illuminate/Database/Console/Migrations/MigrateCommand->handle()
#21 Y:/Connection Platform/backend/vendor/laravel/framework/src/Illuminate/Container/Util.php(43): Illuminate/Container/BoundMethod::{closure:Illuminate/Container/BoundMethod::call():35}()
#22 Y:/Connection Platform/backend/vendor/laravel/framework/src/Illuminate/Container/BoundMethod.php(95): Illuminate/Container/Util::unwrapIfClosure()
#23 Y:/Connection Platform/backend/vendor/laravel/framework/src/Illuminate/Container/BoundMethod.php(35): Illuminate/Container/BoundMethod::callBoundMethod()
#24 Y:/Connection Platform/backend/vendor/laravel/framework/src/Illuminate/Container/Container.php(696): Illuminate/Container/BoundMethod::call()
#25 Y:/Connection Platform/backend/vendor/laravel/framework/src/Illuminate/Console/Command.php(213): Illuminate/Container/Container->call()
#26 Y:/Connection Platform/backend/vendor/symfony/console/Command/Command.php(341): Illuminate/Console/Command->execute()
#27 Y:/Connection Platform/backend/vendor/laravel/framework/src/Illuminate/Console/Command.php(182): Symfony/Component/Console/Command/Command->run()
#28 Y:/Connection Platform/backend/vendor/symfony/console/Application.php(1117): Illuminate/Console/Command->run()
#29 Y:/Connection Platform/backend/vendor/symfony/console/Application.php(356): Symfony/Component/Console/Application->doRunCommand()
#30 Y:/Connection Platform/backend/vendor/symfony/console/Application.php(195): Symfony/Component/Console/Application->doRun()
#31 Y:/Connection Platform/backend/vendor/laravel/framework/src/Illuminate/Foundation/Console/Kernel.php(198): Symfony/Component/Console/Application->run()
#32 Y:/Connection Platform/backend/artisan(33): Illuminate/Foundation/Console/Kernel->handle()
#33 {main}

[previous exception] [object] (PDOException(code: 42S01): SQLSTATE[42S01]: Base table or view already exists: 1050 Table 'conversations' already exists at Y:/Connection Platform/backend/vendor/laravel/framework/src/Illuminate/Database/Connection.php:571)
[stacktrace]
#0 Y:/Connection Platform/backend/vendor/laravel/framework/src/Illuminate/Database/Connection.php(571): PDOStatement->execute()
#1 Y:/Connection Platform/backend/vendor/laravel/framework/src/Illuminate/Database/Connection.php(812): Illuminate/Database/Connection->{closure:Illuminate/Database/Connection::statement():560}()
#2 Y:/Connection Platform/backend/vendor/laravel/framework/src/Illuminate/Database/Connection.php(779): Illuminate/Database/Connection->runQueryCallback()
#3 Y:/Connection Platform/backend/vendor/laravel/framework/src/Illuminate/Database/Connection.php(560): Illuminate/Database/Connection->run()
#4 Y:/Connection Platform/backend/vendor/laravel/framework/src/Illuminate/Database/Schema/Blueprint.php(118): Illuminate/Database/Connection->statement()
#5 Y:/Connection Platform/backend/vendor/laravel/framework/src/Illuminate/Database/Schema/Builder.php(564): Illuminate/Database/Schema/Blueprint->build()
#6 Y:/Connection Platform/backend/vendor/laravel/framework/src/Illuminate/Database/Schema/Builder.php(418): Illuminate/Database/Schema/Builder->build()
#7 Y:/Connection Platform/backend/vendor/laravel/framework/src/Illuminate/Support/Facades/Facade.php(361): Illuminate/Database/Schema/Builder->create()
#8 Y:/Connection Platform/backend/database/migrations/2024_01_01_000007_create_conversations_table.php(11): Illuminate/Support/Facades/Facade::__callStatic()
#9 Y:/Connection Platform/backend/vendor/laravel/framework/src/Illuminate/Database/Migrations/Migrator.php(507): Illuminate/Database/Migrations/Migration@anonymous->up()
#10 Y:/Connection Platform/backend/vendor/laravel/framework/src/Illuminate/Database/Migrations/Migrator.php(432): Illuminate/Database/Migrations/Migrator->runMethod()
#11 Y:/Connection Platform/backend/vendor/laravel/framework/src/Illuminate/Database/Migrations/Migrator.php(441): Illuminate/Database/Migrations/Migrator->{closure:Illuminate/Database/Migrations/Migrator::runMigration():428}()
#12 Y:/Connection Platform/backend/vendor/laravel/framework/src/Illuminate/Database/Migrations/Migrator.php(244): Illuminate/Database/Migrations/Migrator->runMigration()
#13 Y:/Connection Platform/backend/vendor/laravel/framework/src/Illuminate/Console/View/Components/Task.php(40): Illuminate/Database/Migrations/Migrator->{closure:Illuminate/Database/Migrations/Migrator::runUp():244}()
#14 Y:/Connection Platform/backend/vendor/laravel/framework/src/Illuminate/Database/Migrations/Migrator.php(798): Illuminate/Console/View/Components/Task->render()
#15 Y:/Connection Platform/backend/vendor/laravel/framework/src/Illuminate/Database/Migrations/Migrator.php(244): Illuminate/Database/Migrations/Migrator->write()
#16 Y:/Connection Platform/backend/vendor/laravel/framework/src/Illuminate/Database/Migrations/Migrator.php(211): Illuminate/Database/Migrations/Migrator->runUp()
#17 Y:/Connection Platform/backend/vendor/laravel/framework/src/Illuminate/Database/Migrations/Migrator.php(138): Illuminate/Database/Migrations/Migrator->runPending()
#18 Y:/Connection Platform/backend/vendor/laravel/framework/src/Illuminate/Database/Console/Migrations/MigrateCommand.php(117): Illuminate/Database/Migrations/Migrator->run()
#19 Y:/Connection Platform/backend/vendor/laravel/framework/src/Illuminate/Database/Migrations/Migrator.php(658): Illuminate/Database/Console/Migrations/MigrateCommand->{closure:Illuminate/Database/Console/Migrations/MigrateCommand::runMigrations():110}()
#20 Y:/Connection Platform/backend/vendor/laravel/framework/src/Illuminate/Database/Console/Migrations/MigrateCommand.php(110): Illuminate/Database/Migrations/Migrator->usingConnection()
#21 Y:/Connection Platform/backend/vendor/laravel/framework/src/Illuminate/Database/Console/Migrations/MigrateCommand.php(89): Illuminate/Database/Console/Migrations/MigrateCommand->runMigrations()
#22 Y:/Connection Platform/backend/vendor/laravel/framework/src/Illuminate/Container/BoundMethod.php(36): Illuminate/Database/Console/Migrations/MigrateCommand->handle()
#23 Y:/Connection Platform/backend/vendor/laravel/framework/src/Illuminate/Container/Util.php(43): Illuminate/Container/BoundMethod::{closure:Illuminate/Container/BoundMethod::call():35}()
#24 Y:/Connection Platform/backend/vendor/laravel/framework/src/Illuminate/Container/BoundMethod.php(95): Illuminate/Container/Util::unwrapIfClosure()
#25 Y:/Connection Platform/backend/vendor/laravel/framework/src/Illuminate/Container/BoundMethod.php(35): Illuminate/Container/BoundMethod::callBoundMethod()
#26 Y:/Connection Platform/backend/vendor/laravel/framework/src/Illuminate/Container/Container.php(696): Illuminate/Container/BoundMethod::call()
#27 Y:/Connection Platform/backend/vendor/laravel/framework/src/Illuminate/Console/Command.php(213): Illuminate/Container/Container->call()
#28 Y:/Connection Platform/backend/vendor/symfony/console/Command/Command.php(341): Illuminate/Console/Command->execute()
#29 Y:/Connection Platform/backend/vendor/laravel/framework/src/Illuminate/Console/Command.php(182): Symfony/Component/Console/Command/Command->run()
#30 Y:/Connection Platform/backend/vendor/symfony/console/Application.php(1117): Illuminate/Console/Command->run()
#31 Y:/Connection Platform/backend/vendor/symfony/console/Application.php(356): Symfony/Component/Console/Application->doRunCommand()
#32 Y:/Connection Platform/backend/vendor/symfony/console/Application.php(195): Symfony/Component/Console/Application->doRun()
#33 Y:/Connection Platform/backend/vendor/laravel/framework/src/Illuminate/Foundation/Console/Kernel.php(198): Symfony/Component/Console/Application->run()
#34 Y:/Connection Platform/backend/artisan(33): Illuminate/Foundation/Console/Kernel->handle()
#35 {main}
"} 
[2026-05-05 19:47:57] local.ERROR: SQLSTATE[42000]: Syntax error or access violation: 1061 Duplicate key name 'reports_reportable_type_reportable_id_index' (Connection: mysql, SQL: alter table `reports` add index `reports_reportable_type_reportable_id_index`(`reportable_type`, `reportable_id`)) {"exception":"[object] (Illuminate\\Database\\QueryException(code: 42000): SQLSTATE[42000]: Syntax error or access violation: 1061 Duplicate key name 'reports_reportable_type_reportable_id_index' (Connection: mysql, SQL: alter table `reports` add index `reports_reportable_type_reportable_id_index`(`reportable_type`, `reportable_id`)) at Y:/Connection Platform/backend/vendor/laravel/framework/src/Illuminate/Database/Connection.php:825)
[stacktrace]
#0 Y:/Connection Platform/backend/vendor/laravel/framework/src/Illuminate/Database/Connection.php(779): Illuminate/Database/Connection->runQueryCallback()
#1 Y:/Connection Platform/backend/vendor/laravel/framework/src/Illuminate/Database/Connection.php(560): Illuminate/Database/Connection->run()
#2 Y:/Connection Platform/backend/vendor/laravel/framework/src/Illuminate/Database/Schema/Blueprint.php(118): Illuminate/Database/Connection->statement()
#3 Y:/Connection Platform/backend/vendor/laravel/framework/src/Illuminate/Database/Schema/Builder.php(564): Illuminate/Database/Schema/Blueprint->build()
#4 Y:/Connection Platform/backend/vendor/laravel/framework/src/Illuminate/Database/Schema/Builder.php(418): Illuminate/Database/Schema/Builder->build()
#5 Y:/Connection Platform/backend/vendor/laravel/framework/src/Illuminate/Support/Facades/Facade.php(361): Illuminate/Database/Schema/Builder->create()
#6 Y:/Connection Platform/backend/database/migrations/2024_01_01_000011_create_reports_table.php(11): Illuminate/Support/Facades/Facade::__callStatic()
#7 Y:/Connection Platform/backend/vendor/laravel/framework/src/Illuminate/Database/Migrations/Migrator.php(507): Illuminate/Database/Migrations/Migration@anonymous->up()
#8 Y:/Connection Platform/backend/vendor/laravel/framework/src/Illuminate/Database/Migrations/Migrator.php(432): Illuminate/Database/Migrations/Migrator->runMethod()
#9 Y:/Connection Platform/backend/vendor/laravel/framework/src/Illuminate/Database/Migrations/Migrator.php(441): Illuminate/Database/Migrations/Migrator->{closure:Illuminate/Database/Migrations/Migrator::runMigration():428}()
#10 Y:/Connection Platform/backend/vendor/laravel/framework/src/Illuminate/Database/Migrations/Migrator.php(244): Illuminate/Database/Migrations/Migrator->runMigration()
#11 Y:/Connection Platform/backend/vendor/laravel/framework/src/Illuminate/Console/View/Components/Task.php(40): Illuminate/Database/Migrations/Migrator->{closure:Illuminate/Database/Migrations/Migrator::runUp():244}()
#12 Y:/Connection Platform/backend/vendor/laravel/framework/src/Illuminate/Database/Migrations/Migrator.php(798): Illuminate/Console/View/Components/Task->render()
#13 Y:/Connection Platform/backend/vendor/laravel/framework/src/Illuminate/Database/Migrations/Migrator.php(244): Illuminate/Database/Migrations/Migrator->write()
#14 Y:/Connection Platform/backend/vendor/laravel/framework/src/Illuminate/Database/Migrations/Migrator.php(211): Illuminate/Database/Migrations/Migrator->runUp()
#15 Y:/Connection Platform/backend/vendor/laravel/framework/src/Illuminate/Database/Migrations/Migrator.php(138): Illuminate/Database/Migrations/Migrator->runPending()
#16 Y:/Connection Platform/backend/vendor/laravel/framework/src/Illuminate/Database/Console/Migrations/MigrateCommand.php(117): Illuminate/Database/Migrations/Migrator->run()
#17 Y:/Connection Platform/backend/vendor/laravel/framework/src/Illuminate/Database/Migrations/Migrator.php(658): Illuminate/Database/Console/Migrations/MigrateCommand->{closure:Illuminate/Database/Console/Migrations/MigrateCommand::runMigrations():110}()
#18 Y:/Connection Platform/backend/vendor/laravel/framework/src/Illuminate/Database/Console/Migrations/MigrateCommand.php(110): Illuminate/Database/Migrations/Migrator->usingConnection()
#19 Y:/Connection Platform/backend/vendor/laravel/framework/src/Illuminate/Database/Console/Migrations/MigrateCommand.php(89): Illuminate/Database/Console/Migrations/MigrateCommand->runMigrations()
#20 Y:/Connection Platform/backend/vendor/laravel/framework/src/Illuminate/Container/BoundMethod.php(36): Illuminate/Database/Console/Migrations/MigrateCommand->handle()
#21 Y:/Connection Platform/backend/vendor/laravel/framework/src/Illuminate/Container/Util.php(43): Illuminate/Container/BoundMethod::{closure:Illuminate/Container/BoundMethod::call():35}()
#22 Y:/Connection Platform/backend/vendor/laravel/framework/src/Illuminate/Container/BoundMethod.php(95): Illuminate/Container/Util::unwrapIfClosure()
#23 Y:/Connection Platform/backend/vendor/laravel/framework/src/Illuminate/Container/BoundMethod.php(35): Illuminate/Container/BoundMethod::callBoundMethod()
#24 Y:/Connection Platform/backend/vendor/laravel/framework/src/Illuminate/Container/Container.php(696): Illuminate/Container/BoundMethod::call()
#25 Y:/Connection Platform/backend/vendor/laravel/framework/src/Illuminate/Console/Command.php(213): Illuminate/Container/Container->call()
#26 Y:/Connection Platform/backend/vendor/symfony/console/Command/Command.php(341): Illuminate/Console/Command->execute()
#27 Y:/Connection Platform/backend/vendor/laravel/framework/src/Illuminate/Console/Command.php(182): Symfony/Component/Console/Command/Command->run()
#28 Y:/Connection Platform/backend/vendor/laravel/framework/src/Illuminate/Console/Concerns/CallsCommands.php(68): Illuminate/Console/Command->run()
#29 Y:/Connection Platform/backend/vendor/laravel/framework/src/Illuminate/Console/Concerns/CallsCommands.php(29): Illuminate/Console/Command->runCommand()
#30 Y:/Connection Platform/backend/vendor/laravel/framework/src/Illuminate/Database/Console/Migrations/FreshCommand.php(82): Illuminate/Console/Command->call()
#31 Y:/Connection Platform/backend/vendor/laravel/framework/src/Illuminate/Container/BoundMethod.php(36): Illuminate/Database/Console/Migrations/FreshCommand->handle()
#32 Y:/Connection Platform/backend/vendor/laravel/framework/src/Illuminate/Container/Util.php(43): Illuminate/Container/BoundMethod::{closure:Illuminate/Container/BoundMethod::call():35}()
#33 Y:/Connection Platform/backend/vendor/laravel/framework/src/Illuminate/Container/BoundMethod.php(95): Illuminate/Container/Util::unwrapIfClosure()
#34 Y:/Connection Platform/backend/vendor/laravel/framework/src/Illuminate/Container/BoundMethod.php(35): Illuminate/Container/BoundMethod::callBoundMethod()
#35 Y:/Connection Platform/backend/vendor/laravel/framework/src/Illuminate/Container/Container.php(696): Illuminate/Container/BoundMethod::call()
#36 Y:/Connection Platform/backend/vendor/laravel/framework/src/Illuminate/Console/Command.php(213): Illuminate/Container/Container->call()
#37 Y:/Connection Platform/backend/vendor/symfony/console/Command/Command.php(341): Illuminate/Console/Command->execute()
#38 Y:/Connection Platform/backend/vendor/laravel/framework/src/Illuminate/Console/Command.php(182): Symfony/Component/Console/Command/Command->run()
#39 Y:/Connection Platform/backend/vendor/symfony/console/Application.php(1117): Illuminate/Console/Command->run()
#40 Y:/Connection Platform/backend/vendor/symfony/console/Application.php(356): Symfony/Component/Console/Application->doRunCommand()
#41 Y:/Connection Platform/backend/vendor/symfony/console/Application.php(195): Symfony/Component/Console/Application->doRun()
#42 Y:/Connection Platform/backend/vendor/laravel/framework/src/Illuminate/Foundation/Console/Kernel.php(198): Symfony/Component/Console/Application->run()
#43 Y:/Connection Platform/backend/artisan(33): Illuminate/Foundation/Console/Kernel->handle()
#44 {main}

[previous exception] [object] (PDOException(code: 42000): SQLSTATE[42000]: Syntax error or access violation: 1061 Duplicate key name 'reports_reportable_type_reportable_id_index' at Y:/Connection Platform/backend/vendor/laravel/framework/src/Illuminate/Database/Connection.php:571)
[stacktrace]
#0 Y:/Connection Platform/backend/vendor/laravel/framework/src/Illuminate/Database/Connection.php(571): PDOStatement->execute()
#1 Y:/Connection Platform/backend/vendor/laravel/framework/src/Illuminate/Database/Connection.php(812): Illuminate/Database/Connection->{closure:Illuminate/Database/Connection::statement():560}()
#2 Y:/Connection Platform/backend/vendor/laravel/framework/src/Illuminate/Database/Connection.php(779): Illuminate/Database/Connection->runQueryCallback()
#3 Y:/Connection Platform/backend/vendor/laravel/framework/src/Illuminate/Database/Connection.php(560): Illuminate/Database/Connection->run()
#4 Y:/Connection Platform/backend/vendor/laravel/framework/src/Illuminate/Database/Schema/Blueprint.php(118): Illuminate/Database/Connection->statement()
#5 Y:/Connection Platform/backend/vendor/laravel/framework/src/Illuminate/Database/Schema/Builder.php(564): Illuminate/Database/Schema/Blueprint->build()
#6 Y:/Connection Platform/backend/vendor/laravel/framework/src/Illuminate/Database/Schema/Builder.php(418): Illuminate/Database/Schema/Builder->build()
#7 Y:/Connection Platform/backend/vendor/laravel/framework/src/Illuminate/Support/Facades/Facade.php(361): Illuminate/Database/Schema/Builder->create()
#8 Y:/Connection Platform/backend/database/migrations/2024_01_01_000011_create_reports_table.php(11): Illuminate/Support/Facades/Facade::__callStatic()
#9 Y:/Connection Platform/backend/vendor/laravel/framework/src/Illuminate/Database/Migrations/Migrator.php(507): Illuminate/Database/Migrations/Migration@anonymous->up()
#10 Y:/Connection Platform/backend/vendor/laravel/framework/src/Illuminate/Database/Migrations/Migrator.php(432): Illuminate/Database/Migrations/Migrator->runMethod()
#11 Y:/Connection Platform/backend/vendor/laravel/framework/src/Illuminate/Database/Migrations/Migrator.php(441): Illuminate/Database/Migrations/Migrator->{closure:Illuminate/Database/Migrations/Migrator::runMigration():428}()
#12 Y:/Connection Platform/backend/vendor/laravel/framework/src/Illuminate/Database/Migrations/Migrator.php(244): Illuminate/Database/Migrations/Migrator->runMigration()
#13 Y:/Connection Platform/backend/vendor/laravel/framework/src/Illuminate/Console/View/Components/Task.php(40): Illuminate/Database/Migrations/Migrator->{closure:Illuminate/Database/Migrations/Migrator::runUp():244}()
#14 Y:/Connection Platform/backend/vendor/laravel/framework/src/Illuminate/Database/Migrations/Migrator.php(798): Illuminate/Console/View/Components/Task->render()
#15 Y:/Connection Platform/backend/vendor/laravel/framework/src/Illuminate/Database/Migrations/Migrator.php(244): Illuminate/Database/Migrations/Migrator->write()
#16 Y:/Connection Platform/backend/vendor/laravel/framework/src/Illuminate/Database/Migrations/Migrator.php(211): Illuminate/Database/Migrations/Migrator->runUp()
#17 Y:/Connection Platform/backend/vendor/laravel/framework/src/Illuminate/Database/Migrations/Migrator.php(138): Illuminate/Database/Migrations/Migrator->runPending()
#18 Y:/Connection Platform/backend/vendor/laravel/framework/src/Illuminate/Database/Console/Migrations/MigrateCommand.php(117): Illuminate/Database/Migrations/Migrator->run()
#19 Y:/Connection Platform/backend/vendor/laravel/framework/src/Illuminate/Database/Migrations/Migrator.php(658): Illuminate/Database/Console/Migrations/MigrateCommand->{closure:Illuminate/Database/Console/Migrations/MigrateCommand::runMigrations():110}()
#20 Y:/Connection Platform/backend/vendor/laravel/framework/src/Illuminate/Database/Console/Migrations/MigrateCommand.php(110): Illuminate/Database/Migrations/Migrator->usingConnection()
#21 Y:/Connection Platform/backend/vendor/laravel/framework/src/Illuminate/Database/Console/Migrations/MigrateCommand.php(89): Illuminate/Database/Console/Migrations/MigrateCommand->runMigrations()
#22 Y:/Connection Platform/backend/vendor/laravel/framework/src/Illuminate/Container/BoundMethod.php(36): Illuminate/Database/Console/Migrations/MigrateCommand->handle()
#23 Y:/Connection Platform/backend/vendor/laravel/framework/src/Illuminate/Container/Util.php(43): Illuminate/Container/BoundMethod::{closure:Illuminate/Container/BoundMethod::call():35}()
#24 Y:/Connection Platform/backend/vendor/laravel/framework/src/Illuminate/Container/BoundMethod.php(95): Illuminate/Container/Util::unwrapIfClosure()
#25 Y:/Connection Platform/backend/vendor/laravel/framework/src/Illuminate/Container/BoundMethod.php(35): Illuminate/Container/BoundMethod::callBoundMethod()
#26 Y:/Connection Platform/backend/vendor/laravel/framework/src/Illuminate/Container/Container.php(696): Illuminate/Container/BoundMethod::call()
#27 Y:/Connection Platform/backend/vendor/laravel/framework/src/Illuminate/Console/Command.php(213): Illuminate/Container/Container->call()
#28 Y:/Connection Platform/backend/vendor/symfony/console/Command/Command.php(341): Illuminate/Console/Command->execute()
#29 Y:/Connection Platform/backend/vendor/laravel/framework/src/Illuminate/Console/Command.php(182): Symfony/Component/Console/Command/Command->run()
#30 Y:/Connection Platform/backend/vendor/laravel/framework/src/Illuminate/Console/Concerns/CallsCommands.php(68): Illuminate/Console/Command->run()
#31 Y:/Connection Platform/backend/vendor/laravel/framework/src/Illuminate/Console/Concerns/CallsCommands.php(29): Illuminate/Console/Command->runCommand()
#32 Y:/Connection Platform/backend/vendor/laravel/framework/src/Illuminate/Database/Console/Migrations/FreshCommand.php(82): Illuminate/Console/Command->call()
#33 Y:/Connection Platform/backend/vendor/laravel/framework/src/Illuminate/Container/BoundMethod.php(36): Illuminate/Database/Console/Migrations/FreshCommand->handle()
#34 Y:/Connection Platform/backend/vendor/laravel/framework/src/Illuminate/Container/Util.php(43): Illuminate/Container/BoundMethod::{closure:Illuminate/Container/BoundMethod::call():35}()
#35 Y:/Connection Platform/backend/vendor/laravel/framework/src/Illuminate/Container/BoundMethod.php(95): Illuminate/Container/Util::unwrapIfClosure()
#36 Y:/Connection Platform/backend/vendor/laravel/framework/src/Illuminate/Container/BoundMethod.php(35): Illuminate/Container/BoundMethod::callBoundMethod()
#37 Y:/Connection Platform/backend/vendor/laravel/framework/src/Illuminate/Container/Container.php(696): Illuminate/Container/BoundMethod::call()
#38 Y:/Connection Platform/backend/vendor/laravel/framework/src/Illuminate/Console/Command.php(213): Illuminate/Container/Container->call()
#39 Y:/Connection Platform/backend/vendor/symfony/console/Command/Command.php(341): Illuminate/Console/Command->execute()
#40 Y:/Connection Platform/backend/vendor/laravel/framework/src/Illuminate/Console/Command.php(182): Symfony/Component/Console/Command/Command->run()
#41 Y:/Connection Platform/backend/vendor/symfony/console/Application.php(1117): Illuminate/Console/Command->run()
#42 Y:/Connection Platform/backend/vendor/symfony/console/Application.php(356): Symfony/Component/Console/Application->doRunCommand()
#43 Y:/Connection Platform/backend/vendor/symfony/console/Application.php(195): Symfony/Component/Console/Application->doRun()
#44 Y:/Connection Platform/backend/vendor/laravel/framework/src/Illuminate/Foundation/Console/Kernel.php(198): Symfony/Component/Console/Application->run()
#45 Y:/Connection Platform/backend/artisan(33): Illuminate/Foundation/Console/Kernel->handle()
#46 {main}
"} 
[2026-05-05 19:53:20] local.ERROR: The provided cwd "Y:\Connection Platform\backend\public" does not exist. {"exception":"[object] (Symfony\\Component\\Process\\Exception\\RuntimeException(code: 0): The provided cwd \"Y:\\Connection Platform\\backend\\public\" does not exist. at Y:/Connection Platform/backend/vendor/symfony/process/Process.php:367)
[stacktrace]
#0 Y:/Connection Platform/backend/vendor/laravel/framework/src/Illuminate/Foundation/Console/ServeCommand.php(190): Symfony/Component/Process/Process->start()
#1 Y:/Connection Platform/backend/vendor/laravel/framework/src/Illuminate/Foundation/Console/ServeCommand.php(129): Illuminate/Foundation/Console/ServeCommand->startProcess()
#2 Y:/Connection Platform/backend/vendor/laravel/framework/src/Illuminate/Container/BoundMethod.php(36): Illuminate/Foundation/Console/ServeCommand->handle()
#3 Y:/Connection Platform/backend/vendor/laravel/framework/src/Illuminate/Container/Util.php(43): Illuminate/Container/BoundMethod::{closure:Illuminate/Container/BoundMethod::call():35}()
#4 Y:/Connection Platform/backend/vendor/laravel/framework/src/Illuminate/Container/BoundMethod.php(95): Illuminate/Container/Util::unwrapIfClosure()
#5 Y:/Connection Platform/backend/vendor/laravel/framework/src/Illuminate/Container/BoundMethod.php(35): Illuminate/Container/BoundMethod::callBoundMethod()
#6 Y:/Connection Platform/backend/vendor/laravel/framework/src/Illuminate/Container/Container.php(696): Illuminate/Container/BoundMethod::call()
#7 Y:/Connection Platform/backend/vendor/laravel/framework/src/Illuminate/Console/Command.php(213): Illuminate/Container/Container->call()
#8 Y:/Connection Platform/backend/vendor/symfony/console/Command/Command.php(341): Illuminate/Console/Command->execute()
#9 Y:/Connection Platform/backend/vendor/laravel/framework/src/Illuminate/Console/Command.php(182): Symfony/Component/Console/Command/Command->run()
#10 Y:/Connection Platform/backend/vendor/symfony/console/Application.php(1117): Illuminate/Console/Command->run()
#11 Y:/Connection Platform/backend/vendor/symfony/console/Application.php(356): Symfony/Component/Console/Application->doRunCommand()
#12 Y:/Connection Platform/backend/vendor/symfony/console/Application.php(195): Symfony/Component/Console/Application->doRun()
#13 Y:/Connection Platform/backend/vendor/laravel/framework/src/Illuminate/Foundation/Console/Kernel.php(198): Symfony/Component/Console/Application->run()
#14 Y:/Connection Platform/backend/artisan(33): Illuminate/Foundation/Console/Kernel->handle()
#15 {main}
"} 
[2026-05-05 19:55:40] local.ERROR: Class "App\Http\Controllers\Controller" not found {"exception":"[object] (Error(code: 0): Class \"App\\Http\\Controllers\\Controller\" not found at Y:/Connection Platform/backend/app/Http/Controllers/Api/AuthController.php:12)
[stacktrace]
#0 Y:/Connection Platform/backend/vendor/composer/ClassLoader.php(576): include()
#1 Y:/Connection Platform/backend/vendor/composer/ClassLoader.php(427): {closure:Composer/Autoload/ClassLoader::initializeIncludeClosure():575}()
#2 [internal function]: Composer/Autoload/ClassLoader->loadClass()
#3 Y:/Connection Platform/backend/vendor/laravel/framework/src/Illuminate/Routing/Route.php(1117): is_a()
#4 Y:/Connection Platform/backend/vendor/laravel/framework/src/Illuminate/Routing/Route.php(1054): Illuminate/Routing/Route->controllerMiddleware()
#5 Y:/Connection Platform/backend/vendor/laravel/framework/src/Illuminate/Routing/Router.php(820): Illuminate/Routing/Route->gatherMiddleware()
#6 Y:/Connection Platform/backend/vendor/laravel/framework/src/Illuminate/Foundation/Console/RouteListCommand.php(211): Illuminate/Routing/Router->gatherRouteMiddleware()
#7 Y:/Connection Platform/backend/vendor/laravel/framework/src/Illuminate/Foundation/Console/RouteListCommand.php(148): Illuminate/Foundation/Console/RouteListCommand->getMiddleware()
#8 Y:/Connection Platform/backend/vendor/laravel/framework/src/Illuminate/Foundation/Console/RouteListCommand.php(118): Illuminate/Foundation/Console/RouteListCommand->getRouteInformation()
#9 [internal function]: Illuminate/Foundation/Console/RouteListCommand->{closure:Illuminate/Foundation/Console/RouteListCommand::getRoutes():117}()
#10 Y:/Connection Platform/backend/vendor/laravel/framework/src/Illuminate/Collections/Arr.php(609): array_map()
#11 Y:/Connection Platform/backend/vendor/laravel/framework/src/Illuminate/Collections/Collection.php(799): Illuminate/Support/Arr::map()
#12 Y:/Connection Platform/backend/vendor/laravel/framework/src/Illuminate/Foundation/Console/RouteListCommand.php(117): Illuminate/Support/Collection->map()
#13 Y:/Connection Platform/backend/vendor/laravel/framework/src/Illuminate/Foundation/Console/RouteListCommand.php(103): Illuminate/Foundation/Console/RouteListCommand->getRoutes()
#14 Y:/Connection Platform/backend/vendor/laravel/framework/src/Illuminate/Container/BoundMethod.php(36): Illuminate/Foundation/Console/RouteListCommand->handle()
#15 Y:/Connection Platform/backend/vendor/laravel/framework/src/Illuminate/Container/Util.php(43): Illuminate/Container/BoundMethod::{closure:Illuminate/Container/BoundMethod::call():35}()
#16 Y:/Connection Platform/backend/vendor/laravel/framework/src/Illuminate/Container/BoundMethod.php(95): Illuminate/Container/Util::unwrapIfClosure()
#17 Y:/Connection Platform/backend/vendor/laravel/framework/src/Illuminate/Container/BoundMethod.php(35): Illuminate/Container/BoundMethod::callBoundMethod()
#18 Y:/Connection Platform/backend/vendor/laravel/framework/src/Illuminate/Container/Container.php(696): Illuminate/Container/BoundMethod::call()
#19 Y:/Connection Platform/backend/vendor/laravel/framework/src/Illuminate/Console/Command.php(213): Illuminate/Container/Container->call()
#20 Y:/Connection Platform/backend/vendor/symfony/console/Command/Command.php(341): Illuminate/Console/Command->execute()
#21 Y:/Connection Platform/backend/vendor/laravel/framework/src/Illuminate/Console/Command.php(182): Symfony/Component/Console/Command/Command->run()
#22 Y:/Connection Platform/backend/vendor/symfony/console/Application.php(1117): Illuminate/Console/Command->run()
#23 Y:/Connection Platform/backend/vendor/symfony/console/Application.php(356): Symfony/Component/Console/Application->doRunCommand()
#24 Y:/Connection Platform/backend/vendor/symfony/console/Application.php(195): Symfony/Component/Console/Application->doRun()
#25 Y:/Connection Platform/backend/vendor/laravel/framework/src/Illuminate/Foundation/Console/Kernel.php(198): Symfony/Component/Console/Application->run()
#26 Y:/Connection Platform/backend/artisan(33): Illuminate/Foundation/Console/Kernel->handle()
#27 {main}
"} 
[2026-08-25 21:13:27] testing.ERROR: SQLSTATE[23000]: Integrity constraint violation: 19 NOT NULL constraint failed: employer_profiles.headquarters_country (Connection: sqlite, SQL: insert into "employer_profiles" ("user_id", "company_name", "description", "industry", "company_size", "website", "headquarters_city", "headquarters_state", "is_verified", "subscription_tier", "headquarters_country", "latitude", "longitude", "company_slug", "updated_at", "created_at") values (2, TechCorp Inc, We build great software products., Software, 51-200, https://techcorp.example.com, San Francisco, CA, 1, pro, ?, 37.7749, -122.4194, techcorp-inc, 2026-08-25 21:13:27, 2026-08-25 21:13:27)) {"exception":"[object] (Illuminate\\Database\\QueryException(code: 23000): SQLSTATE[23000]: Integrity constraint violation: 19 NOT NULL constraint failed: employer_profiles.headquarters_country (Connection: sqlite, SQL: insert into \"employer_profiles\" (\"user_id\", \"company_name\", \"description\", \"industry\", \"company_size\", \"website\", \"headquarters_city\", \"headquarters_state\", \"is_verified\", \"subscription_tier\", \"headquarters_country\", \"latitude\", \"longitude\", \"company_slug\", \"updated_at\", \"created_at\") values (2, TechCorp Inc, We build great software products., Software, 51-200, https://techcorp.example.com, San Francisco, CA, 1, pro, ?, 37.7749, -122.4194, techcorp-inc, 2026-08-25 21:13:27, 2026-08-25 21:13:27)) at /home/user/connection-platform/backend/vendor/laravel/framework/src/Illuminate/Database/Connection.php:825)
[stacktrace]
#0 /home/user/connection-platform/backend/vendor/laravel/framework/src/Illuminate/Database/Connection.php(779): Illuminate\\Database\\Connection->runQueryCallback()
#1 /home/user/connection-platform/backend/vendor/laravel/framework/src/Illuminate/Database/Connection.php(560): Illuminate\\Database\\Connection->run()
#2 /home/user/connection-platform/backend/vendor/laravel/framework/src/Illuminate/Database/Connection.php(524): Illuminate\\Database\\Connection->statement()
#3 /home/user/connection-platform/backend/vendor/laravel/framework/src/Illuminate/Database/Query/Processors/Processor.php(32): Illuminate\\Database\\Connection->insert()
#4 /home/user/connection-platform/backend/vendor/laravel/framework/src/Illuminate/Database/Query/Builder.php(3766): Illuminate\\Database\\Query\\Processors\\Processor->processInsertGetId()
#5 /home/user/connection-platform/backend/vendor/laravel/framework/src/Illuminate/Database/Eloquent/Builder.php(2120): Illuminate\\Database\\Query\\Builder->insertGetId()
#6 /home/user/connection-platform/backend/vendor/laravel/framework/src/Illuminate/Database/Eloquent/Model.php(1359): Illuminate\\Database\\Eloquent\\Builder->__call()
#7 /home/user/connection-platform/backend/vendor/laravel/framework/src/Illuminate/Database/Eloquent/Model.php(1324): Illuminate\\Database\\Eloquent\\Model->insertAndSetId()
#8 /home/user/connection-platform/backend/vendor/laravel/framework/src/Illuminate/Database/Eloquent/Model.php(1163): Illuminate\\Database\\Eloquent\\Model->performInsert()
#9 /home/user/connection-platform/backend/vendor/laravel/framework/src/Illuminate/Database/Eloquent/Builder.php(1128): Illuminate\\Database\\Eloquent\\Model->save()
#10 /home/user/connection-platform/backend/vendor/laravel/framework/src/Illuminate/Support/helpers.php(399): Illuminate\\Database\\Eloquent\\Builder->{closure:Illuminate\\Database\\Eloquent\\Builder::create():1127}()
#11 /home/user/connection-platform/backend/vendor/laravel/framework/src/Illuminate/Database/Eloquent/Builder.php(1127): tap()
#12 /home/user/connection-platform/backend/vendor/laravel/framework/src/Illuminate/Support/Traits/ForwardsCalls.php(23): Illuminate\\Database\\Eloquent\\Builder->create()
#13 /home/user/connection-platform/backend/vendor/laravel/framework/src/Illuminate/Database/Eloquent/Model.php(2372): Illuminate\\Database\\Eloquent\\Model->forwardCallTo()
#14 /home/user/connection-platform/backend/vendor/laravel/framework/src/Illuminate/Database/Eloquent/Model.php(2384): Illuminate\\Database\\Eloquent\\Model->__call()
#15 /home/user/connection-platform/backend/database/seeders/DatabaseSeeder.php(58): Illuminate\\Database\\Eloquent\\Model::__callStatic()
#16 /home/user/connection-platform/backend/vendor/laravel/framework/src/Illuminate/Container/BoundMethod.php(36): Database\\Seeders\\DatabaseSeeder->run()
#17 /home/user/connection-platform/backend/vendor/laravel/framework/src/Illuminate/Container/Util.php(43): Illuminate\\Container\\BoundMethod::{closure:Illuminate\\Container\\BoundMethod::call():35}()
#18 /home/user/connection-platform/backend/vendor/laravel/framework/src/Illuminate/Container/BoundMethod.php(95): Illuminate\\Container\\Util::unwrapIfClosure()
#19 /home/user/connection-platform/backend/vendor/laravel/framework/src/Illuminate/Container/BoundMethod.php(35): Illuminate\\Container\\BoundMethod::callBoundMethod()
#20 /home/user/connection-platform/backend/vendor/laravel/framework/src/Illuminate/Container/Container.php(696): Illuminate\\Container\\BoundMethod::call()
#21 /home/user/connection-platform/backend/vendor/laravel/framework/src/Illuminate/Database/Seeder.php(188): Illuminate\\Container\\Container->call()
#22 /home/user/connection-platform/backend/vendor/laravel/framework/src/Illuminate/Database/Seeder.php(197): Illuminate\\Database\\Seeder->{closure:Illuminate\\Database\\Seeder::__invoke():187}()
#23 /home/user/connection-platform/backend/vendor/laravel/framework/src/Illuminate/Database/Console/Seeds/SeedCommand.php(70): Illuminate\\Database\\Seeder->__invoke()
#24 /home/user/connection-platform/backend/vendor/laravel/framework/src/Illuminate/Database/Eloquent/Concerns/GuardsAttributes.php(155): Illuminate\\Database\\Console\\Seeds\\SeedCommand->{closure:Illuminate\\Database\\Console\\Seeds\\SeedCommand::handle():69}()
#25 /home/user/connection-platform/backend/vendor/laravel/framework/src/Illuminate/Database/Console/Seeds/SeedCommand.php(69): Illuminate\\Database\\Eloquent\\Model::unguarded()
#26 /home/user/connection-platform/backend/vendor/laravel/framework/src/Illuminate/Container/BoundMethod.php(36): Illuminate\\Database\\Console\\Seeds\\SeedCommand->handle()
#27 /home/user/connection-platform/backend/vendor/laravel/framework/src/Illuminate/Container/Util.php(43): Illuminate\\Container\\BoundMethod::{closure:Illuminate\\Container\\BoundMethod::call():35}()
#28 /home/user/connection-platform/backend/vendor/laravel/framework/src/Illuminate/Container/BoundMethod.php(95): Illuminate\\Container\\Util::unwrapIfClosure()
#29 /home/user/connection-platform/backend/vendor/laravel/framework/src/Illuminate/Container/BoundMethod.php(35): Illuminate\\Container\\BoundMethod::callBoundMethod()
#30 /home/user/connection-platform/backend/vendor/laravel/framework/src/Illuminate/Container/Container.php(696): Illuminate\\Container\\BoundMethod::call()
#31 /home/user/connection-platform/backend/vendor/laravel/framework/src/Illuminate/Console/Command.php(213): Illuminate\\Container\\Container->call()
#32 /home/user/connection-platform/backend/vendor/symfony/console/Command/Command.php(341): Illuminate\\Console\\Command->execute()
#33 /home/user/connection-platform/backend/vendor/laravel/framework/src/Illuminate/Console/Command.php(182): Symfony\\Component\\Console\\Command\\Command->run()
#34 /home/user/connection-platform/backend/vendor/laravel/framework/src/Illuminate/Console/Concerns/CallsCommands.php(68): Illuminate\\Console\\Command->run()
#35 /home/user/connection-platform/backend/vendor/laravel/framework/src/Illuminate/Console/Concerns/CallsCommands.php(29): Illuminate\\Console\\Command->runCommand()
#36 /home/user/connection-platform/backend/vendor/laravel/framework/src/Illuminate/Database/Console/Migrations/FreshCommand.php(122): Illuminate\\Console\\Command->call()
#37 /home/user/connection-platform/backend/vendor/laravel/framework/src/Illuminate/Database/Console/Migrations/FreshCommand.php(98): Illuminate\\Database\\Console\\Migrations\\FreshCommand->runSeeder()
#38 /home/user/connection-platform/backend/vendor/laravel/framework/src/Illuminate/Container/BoundMethod.php(36): Illuminate\\Database\\Console\\Migrations\\FreshCommand->handle()
#39 /home/user/connection-platform/backend/vendor/laravel/framework/src/Illuminate/Container/Util.php(43): Illuminate\\Container\\BoundMethod::{closure:Illuminate\\Container\\BoundMethod::call():35}()
#40 /home/user/connection-platform/backend/vendor/laravel/framework/src/Illuminate/Container/BoundMethod.php(95): Illuminate\\Container\\Util::unwrapIfClosure()
#41 /home/user/connection-platform/backend/vendor/laravel/framework/src/Illuminate/Container/BoundMethod.php(35): Illuminate\\Container\\BoundMethod::callBoundMethod()
#42 /home/user/connection-platform/backend/vendor/laravel/framework/src/Illuminate/Container/Container.php(696): Illuminate\\Container\\BoundMethod::call()
#43 /home/user/connection-platform/backend/vendor/laravel/framework/src/Illuminate/Console/Command.php(213): Illuminate\\Container\\Container->call()
#44 /home/user/connection-platform/backend/vendor/symfony/console/Command/Command.php(341): Illuminate\\Console\\Command->execute()
#45 /home/user/connection-platform/backend/vendor/laravel/framework/src/Illuminate/Console/Command.php(182): Symfony\\Component\\Console\\Command\\Command->run()
#46 /home/user/connection-platform/backend/vendor/symfony/console/Application.php(1094): Illuminate\\Console\\Command->run()
#47 /home/user/connection-platform/backend/vendor/symfony/console/Application.php(356): Symfony\\Component\\Console\\Application->doRunCommand()
#48 /home/user/connection-platform/backend/vendor/symfony/console/Application.php(195): Symfony\\Component\\Console\\Application->doRun()
#49 /home/user/connection-platform/backend/vendor/laravel/framework/src/Illuminate/Foundation/Console/Kernel.php(198): Symfony\\Component\\Console\\Application->run()
#50 /home/user/connection-platform/backend/artisan(33): Illuminate\\Foundation\\Console\\Kernel->handle()
#51 {main}

[previous exception] [object] (PDOException(code: 23000): SQLSTATE[23000]: Integrity constraint violation: 19 NOT NULL constraint failed: employer_profiles.headquarters_country at /home/user/connection-platform/backend/vendor/laravel/framework/src/Illuminate/Database/Connection.php:571)
[stacktrace]
#0 /home/user/connection-platform/backend/vendor/laravel/framework/src/Illuminate/Database/Connection.php(571): PDOStatement->execute()
#1 /home/user/connection-platform/backend/vendor/laravel/framework/src/Illuminate/Database/Connection.php(812): Illuminate\\Database\\Connection->{closure:Illuminate\\Database\\Connection::statement():560}()
#2 /home/user/connection-platform/backend/vendor/laravel/framework/src/Illuminate/Database/Connection.php(779): Illuminate\\Database\\Connection->runQueryCallback()
#3 /home/user/connection-platform/backend/vendor/laravel/framework/src/Illuminate/Database/Connection.php(560): Illuminate\\Database\\Connection->run()
#4 /home/user/connection-platform/backend/vendor/laravel/framework/src/Illuminate/Database/Connection.php(524): Illuminate\\Database\\Connection->statement()
#5 /home/user/connection-platform/backend/vendor/laravel/framework/src/Illuminate/Database/Query/Processors/Processor.php(32): Illuminate\\Database\\Connection->insert()
#6 /home/user/connection-platform/backend/vendor/laravel/framework/src/Illuminate/Database/Query/Builder.php(3766): Illuminate\\Database\\Query\\Processors\\Processor->processInsertGetId()
#7 /home/user/connection-platform/backend/vendor/laravel/framework/src/Illuminate/Database/Eloquent/Builder.php(2120): Illuminate\\Database\\Query\\Builder->insertGetId()
#8 /home/user/connection-platform/backend/vendor/laravel/framework/src/Illuminate/Database/Eloquent/Model.php(1359): Illuminate\\Database\\Eloquent\\Builder->__call()
#9 /home/user/connection-platform/backend/vendor/laravel/framework/src/Illuminate/Database/Eloquent/Model.php(1324): Illuminate\\Database\\Eloquent\\Model->insertAndSetId()
#10 /home/user/connection-platform/backend/vendor/laravel/framework/src/Illuminate/Database/Eloquent/Model.php(1163): Illuminate\\Database\\Eloquent\\Model->performInsert()
#11 /home/user/connection-platform/backend/vendor/laravel/framework/src/Illuminate/Database/Eloquent/Builder.php(1128): Illuminate\\Database\\Eloquent\\Model->save()
#12 /home/user/connection-platform/backend/vendor/laravel/framework/src/Illuminate/Support/helpers.php(399): Illuminate\\Database\\Eloquent\\Builder->{closure:Illuminate\\Database\\Eloquent\\Builder::create():1127}()
#13 /home/user/connection-platform/backend/vendor/laravel/framework/src/Illuminate/Database/Eloquent/Builder.php(1127): tap()
#14 /home/user/connection-platform/backend/vendor/laravel/framework/src/Illuminate/Support/Traits/ForwardsCalls.php(23): Illuminate\\Database\\Eloquent\\Builder->create()
#15 /home/user/connection-platform/backend/vendor/laravel/framework/src/Illuminate/Database/Eloquent/Model.php(2372): Illuminate\\Database\\Eloquent\\Model->forwardCallTo()
#16 /home/user/connection-platform/backend/vendor/laravel/framework/src/Illuminate/Database/Eloquent/Model.php(2384): Illuminate\\Database\\Eloquent\\Model->__call()
#17 /home/user/connection-platform/backend/database/seeders/DatabaseSeeder.php(58): Illuminate\\Database\\Eloquent\\Model::__callStatic()
#18 /home/user/connection-platform/backend/vendor/laravel/framework/src/Illuminate/Container/BoundMethod.php(36): Database\\Seeders\\DatabaseSeeder->run()
#19 /home/user/connection-platform/backend/vendor/laravel/framework/src/Illuminate/Container/Util.php(43): Illuminate\\Container\\BoundMethod::{closure:Illuminate\\Container\\BoundMethod::call():35}()
#20 /home/user/connection-platform/backend/vendor/laravel/framework/src/Illuminate/Container/BoundMethod.php(95): Illuminate\\Container\\Util::unwrapIfClosure()
#21 /home/user/connection-platform/backend/vendor/laravel/framework/src/Illuminate/Container/BoundMethod.php(35): Illuminate\\Container\\BoundMethod::callBoundMethod()
#22 /home/user/connection-platform/backend/vendor/laravel/framework/src/Illuminate/Container/Container.php(696): Illuminate\\Container\\BoundMethod::call()
#23 /home/user/connection-platform/backend/vendor/laravel/framework/src/Illuminate/Database/Seeder.php(188): Illuminate\\Container\\Container->call()
#24 /home/user/connection-platform/backend/vendor/laravel/framework/src/Illuminate/Database/Seeder.php(197): Illuminate\\Database\\Seeder->{closure:Illuminate\\Database\\Seeder::__invoke():187}()
#25 /home/user/connection-platform/backend/vendor/laravel/framework/src/Illuminate/Database/Console/Seeds/SeedCommand.php(70): Illuminate\\Database\\Seeder->__invoke()
#26 /home/user/connection-platform/backend/vendor/laravel/framework/src/Illuminate/Database/Eloquent/Concerns/GuardsAttributes.php(155): Illuminate\\Database\\Console\\Seeds\\SeedCommand->{closure:Illuminate\\Database\\Console\\Seeds\\SeedCommand::handle():69}()
#27 /home/user/connection-platform/backend/vendor/laravel/framework/src/Illuminate/Database/Console/Seeds/SeedCommand.php(69): Illuminate\\Database\\Eloquent\\Model::unguarded()
#28 /home/user/connection-platform/backend/vendor/laravel/framework/src/Illuminate/Container/BoundMethod.php(36): Illuminate\\Database\\Console\\Seeds\\SeedCommand->handle()
#29 /home/user/connection-platform/backend/vendor/laravel/framework/src/Illuminate/Container/Util.php(43): Illuminate\\Container\\BoundMethod::{closure:Illuminate\\Container\\BoundMethod::call():35}()
#30 /home/user/connection-platform/backend/vendor/laravel/framework/src/Illuminate/Container/BoundMethod.php(95): Illuminate\\Container\\Util::unwrapIfClosure()
#31 /home/user/connection-platform/backend/vendor/laravel/framework/src/Illuminate/Container/BoundMethod.php(35): Illuminate\\Container\\BoundMethod::callBoundMethod()
#32 /home/user/connection-platform/backend/vendor/laravel/framework/src/Illuminate/Container/Container.php(696): Illuminate\\Container\\BoundMethod::call()
#33 /home/user/connection-platform/backend/vendor/laravel/framework/src/Illuminate/Console/Command.php(213): Illuminate\\Container\\Container->call()
#34 /home/user/connection-platform/backend/vendor/symfony/console/Command/Command.php(341): Illuminate\\Console\\Command->execute()
#35 /home/user/connection-platform/backend/vendor/laravel/framework/src/Illuminate/Console/Command.php(182): Symfony\\Component\\Console\\Command\\Command->run()
#36 /home/user/connection-platform/backend/vendor/laravel/framework/src/Illuminate/Console/Concerns/CallsCommands.php(68): Illuminate\\Console\\Command->run()
#37 /home/user/connection-platform/backend/vendor/laravel/framework/src/Illuminate/Console/Concerns/CallsCommands.php(29): Illuminate\\Console\\Command->runCommand()
#38 /home/user/connection-platform/backend/vendor/laravel/framework/src/Illuminate/Database/Console/Migrations/FreshCommand.php(122): Illuminate\\Console\\Command->call()
#39 /home/user/connection-platform/backend/vendor/laravel/framework/src/Illuminate/Database/Console/Migrations/FreshCommand.php(98): Illuminate\\Database\\Console\\Migrations\\FreshCommand->runSeeder()
#40 /home/user/connection-platform/backend/vendor/laravel/framework/src/Illuminate/Container/BoundMethod.php(36): Illuminate\\Database\\Console\\Migrations\\FreshCommand->handle()
#41 /home/user/connection-platform/backend/vendor/laravel/framework/src/Illuminate/Container/Util.php(43): Illuminate\\Container\\BoundMethod::{closure:Illuminate\\Container\\BoundMethod::call():35}()
#42 /home/user/connection-platform/backend/vendor/laravel/framework/src/Illuminate/Container/BoundMethod.php(95): Illuminate\\Container\\Util::unwrapIfClosure()
#43 /home/user/connection-platform/backend/vendor/laravel/framework/src/Illuminate/Container/BoundMethod.php(35): Illuminate\\Container\\BoundMethod::callBoundMethod()
#44 /home/user/connection-platform/backend/vendor/laravel/framework/src/Illuminate/Container/Container.php(696): Illuminate\\Container\\BoundMethod::call()
#45 /home/user/connection-platform/backend/vendor/laravel/framework/src/Illuminate/Console/Command.php(213): Illuminate\\Container\\Container->call()
#46 /home/user/connection-platform/backend/vendor/symfony/console/Command/Command.php(341): Illuminate\\Console\\Command->execute()
#47 /home/user/connection-platform/backend/vendor/laravel/framework/src/Illuminate/Console/Command.php(182): Symfony\\Component\\Console\\Command\\Command->run()
#48 /home/user/connection-platform/backend/vendor/symfony/console/Application.php(1094): Illuminate\\Console\\Command->run()
#49 /home/user/connection-platform/backend/vendor/symfony/console/Application.php(356): Symfony\\Component\\Console\\Application->doRunCommand()
#50 /home/user/connection-platform/backend/vendor/symfony/console/Application.php(195): Symfony\\Component\\Console\\Application->doRun()
#51 /home/user/connection-platform/backend/vendor/laravel/framework/src/Illuminate/Foundation/Console/Kernel.php(198): Symfony\\Component\\Console\\Application->run()
#52 /home/user/connection-platform/backend/artisan(33): Illuminate\\Foundation\\Console\\Kernel->handle()
#53 {main}
"} 
